year,district,source_file,source_file_stem,source_file_hash,same_hash_file_count,is_exact_duplicate_export
2024,1,Avalos.xls,Avalos,eb82afaf9d243026f0de4a1f1cdba794a2c67a809bd832b6ba813dc0443c53df,1,False
2024,1,Durphy.xls,Durphy,b185e7f2e1ed2b561d0a748c371540980e3f749de584edd842f8ae5e8bf95d04,1,False
2024,1,Ender.xls,Ender,0c21619b54f05707c3eda6b966727dcc4fe6d9bb84add7ac81004c5420eb90fc,1,False
2024,1,Ernst.xls,Ernst,018fe6ae8d43e87177b630d125ad38c36c8f41a6b390243eb493ec38f8947fe2,1,False
2024,1,Furi.xls,Furi,90a897877b66184e4a175783a532d5e47c30ace69bd1ac9298f86d426a57ab0c,1,False
2024,1,Hayes.xls,Hayes,f042f48ce4b69c0dd2a2bec0d0f06768e19dbd46140d08104cdde6c8d3cd3da6,1,False
2024,1,Linn.xls,Linn,9d2bb0f85e8f90d29fd316ecfe203e8e275b4f773e054a79495c78b5ad88b1ad,1,False
2024,1,McKay.xls,McKay,ffa9fba155ff3cfcb7cd0fbff2d7eac25bb6853b8b2e1c6adb8aba7f263a5342,1,False
2024,1,McKenzie.xls,McKenzie,20b03e1ca02da814306f5053dff2b21a5529531202a182b5cea9fb6333fffbc9,1,False
2024,1,Routh.xls,Routh,22fb10da2086f7054a4db6c722ff3b35a52967ac640f40ed7db2e1a014fa2feb,1,False
2024,1,Salazar.xls,Salazar,06f6bfcebb86a058d5c7d557cbdd61dc015c4b5f88ff13d4acbfe5406bba24e3,1,False
2024,1,Shervey.xls,Shervey,f4e200656e09843b613b06e83bc53b63e9962353b1d1d6ab87ee0f2a8650fdb5,1,False
2024,1,Smith.xls,Smith,80ffb4ffa15ef698749a1d41c7b22d82bff987f0ea8ef94ee4c89008b15c1165,1,False
2024,1,Tern.xls,Tern,0d5466f2bd68228ff1cd8f054cc1c42dcb57a3686d3ca034daa530306be314ef,1,False
2024,2,Armstrong.xls,Armstrong,e9272d63f999aa8cbc72a08e85ed9f89bec19c213239368a5b27ab33e85bb3b6,1,False
2024,2,Berlin.xls,Berlin,cc6e395a44d4a74d0614271b1edae2b4f111641383acf1f2669ff46f2d44a5ee,1,False
2024,2,Burnell.xls,Burnell,5ef42f38ae70c92a5698154f3451536d584401dbd7b9c02a7d4e1c3daafbd883,1,False
2024,2,DePass.xls,DePass,0012177307480038f2c7bc1f050a91a3d3bc779329a32e0cbe0a58dd4ce9f10d,1,False
2024,2,Emerson.xls,Emerson,17c8e11b35891440c43f133da08a2c50cc9fb0ece5d7ee1a0f5f8876c2aae51a,1,False
2024,2,Glickman.xls,Glickman,02dbf8b0f0a39d061c763132e0c2c940e8b1d52d9618209142fd3fe165b6a00a,1,False
2024,2,Hudson.xls,Hudson,d0dccdde5fec02152f406a8717d9c05f17c3255a1acdcc4119cfe055f1c046e4,1,False
2024,2,Kanal.xls,Kanal,2e7d84c6fe88ace6a3fee98c0710d9f50a79ef79394f1c457bfea1e9e9d0e0a4,1,False
2024,2,Kitchin.xls,Kitchin,3a9462066972766102d2edb8a530af74f3388226ae650ea6f52889e16c578a86,1,False
2024,2,Marshall.xls,Marshall,1d8a010279fc03eed5b1f1c18c4ae1ea78351135bd6dc18731f871a557803dbd,1,False
2024,2,Mespelt.xls,Mespelt,a81ae0b20affc327275bec8135f6369d1efa30f08727d7f27d4d2036f61cd280,1,False
2024,2,Middleton.xls,Middleton,eca990d46d8f52afadf43b5275f277f27207a4a31af2844bd8eb4273f89eef15,1,False
2024,2,Olson.xls,Olson,7d39fac793515a2f4a6ef8bf2d4c1e30513feda3daac8427eed3af0427e26813,1,False
2024,2,Park.xls,Park,2ec054ccc3570afa8543dfdd6085d369354e0efdb56f2f2cebcc13fafc6297e9,1,False
2024,2,Penson.xls,Penson,122c395765679c92a70fe95a4abd4e3847067a305539f02c561d5dcd35da5454,2,True
2024,2,Pirtle.xls,Pirtle,0999ee9d779c6ed92b93b71e94f028e4a76e274b0620f977e5e23fd63fd40f43,1,False
2024,2,Sachs.xls,Sachs,8324ca11270a69408de98ec6036e23454487340a3b43d1d3db2e29aeda00fed0,1,False
2024,2,Sherman.xls,Sherman,3dd6799270dd8af307962053a70d592e6303f42aaf33a620843c0275a3c6557e,1,False
2024,2,Simril.xls,Simril,62ada1369e4cd255c4f5c310228d02be078e07bebfa749e8050a8daf9b4c6ed2,1,False
2024,2,Streib.xls,Streib,c6437b1ed12393091dd448e99cf0d89f789165439642880dd39f79a42e1833a0,1,False
2024,2,Tasini.xls,Tasini,ad7a013426b102ff1e0d20d3e8986ead1a5eea60811d02addad0624b62f927e0,1,False
2024,2,West.xls,West,a77b2f9a7807f060cfc008efb9d85e2c6e1ef038616bd7ed8be0572e621e8f3d,1,False
2024,2,Zaghloul.xls,Zaghloul,f2ec4e36b0cd01bc53742d7a7452e214f2156eba91549e90681a3d0ac4aae7a7,1,False
2024,3,Conley.xls,Conley,8ceb74205390f79a2b3317f6c6715cd688d4db47a14f1b623f9dcb5541c8adbc,1,False
2024,3,Cornett.xls,Cornett,daa2ca8ee49aac83f5f96ab5cda9ff0783a0db36367c33bb67249a924f61ced3,1,False
2024,3,DeMelo.xls,DeMelo,8178eed7068aeba1897bba2f35b73430aacdc626dfdb8431ed9f398c4b7c26ed,1,False
2024,3,Flanary.xls,Flanary,0352035f9e30e1a69845d3d04f6cc3e2e2f7bd7cf807925a85071aed278f6134,1,False
2024,3,Hathaway.xls,Hathaway,a9c9a0245d7f29f1e2947daaf1f669cd6a66a58ac4d4aa05044c941fed2b416b,1,False
2024,3,Hilton.xls,Hilton,9a904ce0710af906b99e52483d2e853679e939ff3af428ce4aad36184f0a5494,1,False
2024,3,Janes.xls,Janes,27f1c6f27dcc1339fc5ef6eab88ef77ba9764a80fe24e883ddce960704d0e048,1,False
2024,3,Kass.xls,Kass,ff8cd25200c4df63aa85890b717ebd51107c27e7f4b0f960ac5e56c8e74f7457,1,False
2024,3,Knab.xls,Knab,055cbba4028fd90a2ed5c307cf901b3e175a0dd5a14afd465253d56c217900bd,1,False
2024,3,Koyama.xls,Koyama,baadb236f4658863ca56f26d4bc2acd5d3e2526249cc6e81ebf64927fbd727a1,1,False
2024,3,McGraw.xls,McGraw,fbf0f167523095836ae5c206dd806a327df0bbe0573165087b60ceee5bb7d767,1,False
2024,3,Morillo.xls,Morillo,2e22ef99dcb8f94ea05358368503351ff7d379061f9186b137d7616382c61d08,1,False
2024,3,Morse.xls,Morse,f4d27e719c151b49391886c0b2e1ce9f17e5a8e9b3888e799281b6c5c892af4d,2,True
2024,3,Novick.xls,Novick,636f844175b9e1ecc6ba60fe146a53baef328f7df245e6f3929c51b993d1be62,1,False
2024,3,Osman.xls,Osman,e807135fea84c7ab00a1cf6523af95070d4de26ab3ef77e4359e3b0a117da954,1,False
2024,3,Penson.xls,Penson,122c395765679c92a70fe95a4abd4e3847067a305539f02c561d5dcd35da5454,2,True
2024,3,Walker.xls,Walker,d8c5c6d22860b78e900d0612a08e0249dc947214d453e38d426fe2beb4cd158f,1,False
2024,3,Wanner.xls,Wanner,4fce7ca960414422808abfab625ba915c3be6b495bbc723e180509caf704c0cc,1,False
2024,3,Zak.xls,Zak,84d4476bb44ec4dc416efe3c159e1707baaabf7646f604df8ced8371e6908778,1,False
2024,4,Arnold.xls,Arnold,a8676f4b7c57855ee5eca1928ec1cea1c00e0fc7aec76cab0d8c3be5c59aeac4,1,False
2024,4,Callahan.xls,Callahan,e7272b6b633f0b8fe4e3358cf84b312a6bbb8d320a459a3b862e756c7a89a5f9,1,False
2024,4,Clark.xls,Clark,b547708a9fd76718d0cbff7b5961ce6f97cda336119c55098a866325cc9fcb30,1,False
2024,4,DiNapoli.xls,DiNapoli,157abbc2b4b15b904036065224a3372d3a17ff0d86e37a91eee3ec2710ef14b8,1,False
2024,4,Freeman.xls,Freeman,10a22431a93fae3c4415e3b7755ccf47a70dc8d78ebbe79a019d7b06c7582846,1,False
2024,4,Green.xls,Green,3dc6d31df620e5f38623189225359a6290560a1fecff78e3d34d1fdbb87f89be,1,False
2024,4,Henry.xls,Henry,eece7e67d5e0551bea8a487daa3c99abd3624dccde3ad3f6b0a4ef7a7101de4d,1,False
2024,4,Hufford.xls,Hufford,68ede1a504dc396c8bcd0527772e7551955f66a67dde31aa7214aae47f8bfef7,1,False
2024,4,Kaluba.xls,Kaluba,b8e97a7a47a091ea3be55ca612035625b9d59dc00de43cd0add723d028103e41,1,False
2024,4,Lykins.xls,Lykins,4b60536e17ab85868e01a3260f30894965bfc16ff89e0bea9e40718aca328042,1,False
2024,4,Mason.xls,Mason,f32e41e6a27eb98381414d6bb36d84a8507eba615737fbb572179d857776e3ad,1,False
2024,4,Morse.xls,Morse,f4d27e719c151b49391886c0b2e1ce9f17e5a8e9b3888e799281b6c5c892af4d,2,True
2024,4,Penkin.xls,Penkin,9ad6afcc408a39533809fbf117b613ca2d012b48abdc2afc49b649d319e28006,1,False
2024,4,Ross.xls,Ross,cd9eae8d417e08ed9c38474a6557e9aff735565dc6677da6c5e3c604d7041f0e,1,False
2024,4,Silkie.xls,Silkie,c488bb11f75eaf6e20d60141ace218dc6721498751ed715ff2f443c068ffa280,1,False
2024,4,Smith.xls,Smith,362631abcda30af86b4cda72003d910adb2c6e59dbc96309cd7b1952a5c28817,1,False
2024,4,Thompson.xls,Thompson,db842d5b6a2eed1b3d0205e1087b3f0b699127aa1606c1f619a11e94482eb01b,1,False
2024,4,Toran.xls,Toran,9404e6b66d455bb0b8a6b87ceca3c07411eec71df1a86470ffb196d9f158aa61,1,False
2024,4,Underdahl.xls,Underdahl,7c59a3bcd568d1b56851c5bf72ce3105e22964538ac08aeda5f3c238ff8c26cb,1,False
2024,4,Weinstein.xls,Weinstein,0d9f03b551174a98a58c3f0806b2e0e372b3bdc70a507d93425195e8c9346869,1,False
2024,4,Zimmerman.xls,Zimmerman,d0b341c84a57284c373a5fe8512347120a8d62cd9700c6b98a9fc4aaf6c7c0aa,1,False
2024,4,trimble.xls,trimble,d34374f48a7e30e9b3cbfb23bd2526f06caa1cb30afef455fb2265d63c937e85,1,False
