scope,district,outcome,predictor,family,measure,n,pearson_r,pearson_p,spearman_r,spearman_p,abs_pearson_r,abs_spearman_r,pearson_p_fdr,spearman_p_fdr
all_districts,,mention_share,total_spending,totals,other,65,0.5179159509158995,9.937802883590868e-06,0.7993881118881119,1.428098538235877e-15,0.5179159509158995,0.7993881118881119,2.3188206728378694e-05,1.999337953530228e-14
all_districts,,mention_share,expenditure_count,totals,record count,65,0.5790146435058537,4.355540753901625e-07,0.6945385420439456,1.3905743786626078e-10,0.5790146435058537,0.6945385420439456,2.156731907431016e-06,9.734020650638256e-10
all_districts,,mention_share,average_expenditure,totals,other,65,0.5779628232529712,4.621568373066462e-07,0.606555944055944,8.538563537995846e-08,0.5779628232529712,0.606555944055944,2.156731907431016e-06,2.390797790638837e-07
all_districts,,mention_share,median_expenditure,totals,other,65,0.2088398262758472,0.09501526736165247,0.36422053929061443,0.002857730044323818,0.2088398262758472,0.36422053929061443,0.1209285220966486,0.003637110965503041
all_districts,,mention_share,amount_share_micro,bin_shares,dollar share,65,-0.3819675543392812,0.0016909659454030362,-0.5268793706293706,6.521399870598974e-06,0.3819675543392812,0.5268793706293706,0.002630391470626945,1.3042799741197948e-05
all_districts,,mention_share,expenditure_share_micro,bin_shares,other,65,-0.30906759038589615,0.012241820781272162,-0.39104875552946783,0.0012780766336567397,0.30906759038589615,0.39104875552946783,0.017138549093781028,0.0017893072871194354
all_districts,,mention_share,amount_share_small,bin_shares,dollar share,65,-0.4172163655273932,0.0005450982853755925,-0.5094405594405594,1.4641184772297478e-05,0.4172163655273932,0.5094405594405594,0.0009539219994072868,2.2775176312462742e-05
all_districts,,mention_share,expenditure_share_small,bin_shares,other,65,0.07575588236599645,0.5486558422603359,0.07661713286713287,0.544106933768041,0.07575588236599645,0.07661713286713287,0.6400984826370586,0.5859613132886595
all_districts,,mention_share,amount_share_medium,bin_shares,dollar share,65,-0.4351716269195097,0.0002915272097478842,-0.513854895104895,1.1980834703737268e-05,0.4351716269195097,0.513854895104895,0.0005830544194957684,2.0966460731540222e-05
all_districts,,mention_share,expenditure_share_medium,bin_shares,other,65,0.03520348687853922,0.780706200142635,0.0805961668935217,0.5233313789408635,0.03520348687853922,0.0805961668935217,0.84076052323053,0.5859613132886595
all_districts,,mention_share,amount_share_large,bin_shares,dollar share,65,-0.5325821957369405,4.95680342646527e-06,-0.5857080419580419,2.972084531085378e-07,0.5325821957369405,0.5857080419580419,1.3879049594102756e-05,6.934863905865882e-07
all_districts,,mention_share,expenditure_share_large,bin_shares,other,65,-0.025179251020757742,0.8421890221116933,0.03896458659090328,0.7579573868216539,0.025179251020757742,0.03896458659090328,0.8421890221116933,0.7579573868216539
all_districts,,mention_share,amount_share_mega,bin_shares,dollar share,65,0.5873296042199909,2.705746750203293e-07,0.6214886169995651,3.302444634830256e-08,0.5873296042199909,0.6214886169995651,2.156731907431016e-06,1.5411408295874527e-07
all_districts,,mention_share,expenditure_share_mega,bin_shares,other,65,0.5698247754223027,7.260910464560264e-07,0.6073021782291086,8.152145212662039e-08,0.5698247754223027,0.6073021782291086,2.5413186625960925e-06,2.390797790638837e-07
all_districts,,first_place_share,total_spending,totals,other,65,0.5613261900919356,1.149058695291179e-06,0.7826486013986014,1.3553016884334747e-14,0.5613261900919356,0.7826486013986014,8.043410867038253e-06,1.8974223638068648e-13
all_districts,,first_place_share,expenditure_count,totals,record count,65,0.5938782111830303,1.8422066786097456e-07,0.6832397243524189,3.591345571292338e-10,0.5938782111830303,0.6832397243524189,2.579089350053644e-06,2.5139418999046367e-09
all_districts,,first_place_share,average_expenditure,totals,other,65,0.5371621045812036,3.962230510512641e-06,0.6086975524475525,7.473496372098028e-08,0.5371621045812036,0.6086975524475525,1.8490409049058993e-05,2.61572373023431e-07
all_districts,,first_place_share,median_expenditure,totals,other,65,0.17422185550237737,0.1651345107990707,0.3718048244042632,0.0022918029204490246,0.17422185550237737,0.3718048244042632,0.21017119556245364,0.002916840080571486
all_districts,,first_place_share,amount_share_micro,bin_shares,dollar share,65,-0.33088132285336547,0.007098709554857116,-0.5318618881118882,5.132979681813546e-06,0.33088132285336547,0.5318618881118882,0.012422741720999953,1.0265959363627091e-05
all_districts,,first_place_share,expenditure_share_micro,bin_shares,other,65,-0.2944979424287604,0.01725066403406169,-0.40673965786936706,0.0007731217648432746,0.2944979424287604,0.40673965786936706,0.024150929647686364,0.0010823704707805845
all_districts,,first_place_share,amount_share_small,bin_shares,dollar share,65,-0.3231319190965105,0.008653112546592862,-0.5087849650349651,1.5080210072562987e-05,0.3231319190965105,0.5087849650349651,0.013460397294700006,2.34581045573202e-05
all_districts,,first_place_share,expenditure_share_small,bin_shares,other,65,0.1429647613299424,0.2559140028979378,0.05826048951048951,0.6448064458573561,0.1429647613299424,0.05826048951048951,0.2985663367142608,0.6448064458573561
all_districts,,first_place_share,amount_share_medium,bin_shares,dollar share,65,-0.36872402424433076,0.0025083298126879873,-0.515777972027972,1.0968994236922315e-05,0.36872402424433076,0.515777972027972,0.005016659625375975,1.9195739914614054e-05
all_districts,,first_place_share,expenditure_share_medium,bin_shares,other,65,0.0318851278891827,0.8009310815062854,0.06704691974764766,0.5956551948443716,0.0318851278891827,0.06704691974764766,0.8009310815062854,0.6448064458573561
all_districts,,first_place_share,amount_share_large,bin_shares,dollar share,65,-0.46756328064157326,8.602621542863793e-05,-0.5628496503496503,1.0592879912636656e-06,0.46756328064157326,0.5628496503496503,0.0002007278360001552,2.47167197961522e-06
all_districts,,first_place_share,expenditure_share_large,bin_shares,other,65,-0.04083087180296077,0.7467434163288571,0.058698193821181265,0.6423193588029069,0.04083087180296077,0.058698193821181265,0.8009310815062854,0.6448064458573561
all_districts,,first_place_share,amount_share_mega,bin_shares,dollar share,65,0.5016493590737207,2.0719020303694743e-05,0.5996397498808683,1.30424943560025e-07,0.5016493590737207,0.5996397498808683,7.251657106293161e-05,3.6518984196807e-07
all_districts,,first_place_share,expenditure_share_mega,bin_shares,other,65,0.4828924607764114,4.620379295942643e-05,0.6160592391985262,4.691631011859617e-08,0.4828924607764114,0.6160592391985262,0.00012937062028639402,2.1894278055344879e-07
district,1,mention_share,total_spending,totals,other,11,0.43556208504145405,0.18055721908754765,0.9272727272727275,3.973774256558545e-05,0.43556208504145405,0.9272727272727275,0.28086678524729636,0.0005563283959181964
district,1,mention_share,expenditure_count,totals,record count,11,0.6017368789022898,0.050160035317216335,0.9090909090909091,0.00010559337630360876,0.6017368789022898,0.9090909090909091,0.0877800618051286,0.0007391536341252614
district,1,mention_share,average_expenditure,totals,other,11,0.6616252239969208,0.026603035144427082,0.6727272727272727,0.02331303983318598,0.6616252239969208,0.6727272727272727,0.07448849840439582,0.04971991006580492
district,1,mention_share,median_expenditure,totals,other,11,0.29272893322575144,0.38235408000442966,0.28181818181818186,0.4011448979604784,0.29272893322575144,0.28181818181818186,0.48663246546018324,0.5105480519496998
district,1,mention_share,amount_share_micro,bin_shares,dollar share,11,-0.6226987168703184,0.040726603274372844,-0.6454545454545455,0.031962799328017454,0.6226987168703184,0.6454545454545455,0.08145320654874569,0.04971991006580492
district,1,mention_share,expenditure_share_micro,bin_shares,other,11,-0.33271361770625807,0.3174335720905393,-0.3272727272727273,0.3258949410128414,0.33271361770625807,0.3272727272727273,0.444407000926755,0.4562529174179779
district,1,mention_share,amount_share_small,bin_shares,dollar share,11,-0.8487964583576355,0.0009520743832249008,-0.8090909090909091,0.002558580199713916,0.8487964583576355,0.8090909090909091,0.006664520682574306,0.008955030698998707
district,1,mention_share,expenditure_share_small,bin_shares,other,11,0.020551643172709244,0.952175040700922,-0.11818181818181818,0.7292847795197802,0.020551643172709244,0.11818181818181818,0.952175040700922,0.7853836087136095
district,1,mention_share,amount_share_medium,bin_shares,dollar share,11,-0.6655671872525428,0.025399591482518545,-0.6454545454545455,0.031962799328017454,0.6655671872525428,0.6454545454545455,0.07448849840439582,0.04971991006580492
district,1,mention_share,expenditure_share_medium,bin_shares,other,11,-0.1565865736962409,0.6456723080148702,0.045454545454545456,0.8944269969053026,0.1565865736962409,0.045454545454545456,0.6953394086313986,0.8944269969053026
district,1,mention_share,amount_share_large,bin_shares,dollar share,11,-0.6400818763669409,0.03389953433570342,-0.6636363636363638,0.02598413391876549,0.6400818763669409,0.6636363636363638,0.07909891344997465,0.04971991006580492
district,1,mention_share,expenditure_share_large,bin_shares,other,11,0.2069274265082484,0.5415355429498602,0.22727272727272727,0.5015356676049371,0.2069274265082484,0.22727272727272727,0.6317914667748369,0.5851249455390932
district,1,mention_share,amount_share_mega,bin_shares,dollar share,11,0.8633916274908824,0.0006164220224312486,0.8095212630466697,0.0025344078152440123,0.8633916274908824,0.8095212630466697,0.006664520682574306,0.008955030698998707
district,1,mention_share,expenditure_share_mega,bin_shares,other,11,0.6623165608261101,0.026389124031695813,0.7816067367347156,0.004491223707099523,0.6623165608261101,0.7816067367347156,0.07448849840439582,0.012575426379878664
district,1,first_place_share,total_spending,totals,other,11,0.47142734110806606,0.1432507844940672,0.8363636363636365,0.001333185079950856,0.47142734110806606,0.8363636363636365,0.20055109829169407,0.009332295559655993
district,1,first_place_share,expenditure_count,totals,record count,11,0.6097151008233392,0.046409477355074,0.8636363636363636,0.00061169385009317,0.6097151008233392,0.8636363636363636,0.11665021420201362,0.00856371390130438
district,1,first_place_share,average_expenditure,totals,other,11,0.6079125215130088,0.04723938592460481,0.6545454545454547,0.028864598957001896,0.6079125215130088,0.6545454545454547,0.11665021420201362,0.05772919791400379
district,1,first_place_share,median_expenditure,totals,other,11,0.38439053046482463,0.24312332361678335,0.44545454545454555,0.1697326049268118,0.38439053046482463,0.44545454545454555,0.3094296846031788,0.21602331536139685
district,1,first_place_share,amount_share_micro,bin_shares,dollar share,11,-0.6163277330972001,0.043451063137760725,-0.6818181818181819,0.02084285361094508,0.6163277330972001,0.6818181818181819,0.11665021420201362,0.04863332509220519
district,1,first_place_share,expenditure_share_micro,bin_shares,other,11,-0.4818755044013907,0.1333809008163867,-0.5090909090909091,0.10973723224165632,0.4818755044013907,0.5090909090909091,0.20055109829169407,0.16422952421993342
district,1,first_place_share,amount_share_small,bin_shares,dollar share,11,-0.7044362967150961,0.015513214445507024,-0.7000000000000001,0.016470978836514424,0.7044362967150961,0.7000000000000001,0.10859250111854918,0.046118740742240386
district,1,first_place_share,expenditure_share_small,bin_shares,other,11,0.15408325819314156,0.651023006350113,-0.045454545454545456,0.8944269969053026,0.15408325819314156,0.045454545454545456,0.7011016991462755,0.8944269969053026
district,1,first_place_share,amount_share_medium,bin_shares,dollar share,11,-0.5926292975065135,0.054689766549399305,-0.5,0.11730680301423817,0.5926292975065135,0.5,0.11665021420201362,0.16422952421993342
district,1,first_place_share,expenditure_share_medium,bin_shares,other,11,0.07638951721315627,0.8233547095202034,0.22727272727272727,0.5015356676049371,0.07638951721315627,0.22727272727272727,0.8233547095202034,0.5401153343437783
district,1,first_place_share,amount_share_large,bin_shares,dollar share,11,-0.5856860921499343,0.05832510710100681,-0.5727272727272729,0.0655430526010185,0.5856860921499343,0.5727272727272729,0.11665021420201362,0.11470034205178238
district,1,first_place_share,expenditure_share_large,bin_shares,other,11,0.3189136633179325,0.33912595651829097,0.33636363636363636,0.31182431390038634,0.3189136633179325,0.33636363636363636,0.3956469492713395,0.36379503288378406
district,1,first_place_share,amount_share_mega,bin_shares,dollar share,11,0.7744229155512684,0.005137466481922457,0.7397349472667843,0.009259705822555754,0.7744229155512684,0.7397349472667843,0.0719245307469144,0.03240897037894514
district,1,first_place_share,expenditure_share_mega,bin_shares,other,11,0.5641756315503386,0.07062281138925625,0.7490397893707691,0.007976939282996528,0.5641756315503386,0.7490397893707691,0.12358991993119843,0.03240897037894514
district,2,mention_share,total_spending,totals,other,19,0.7501557300130992,0.00021634826422196283,0.743859649122807,0.00026109310131084345,0.7501557300130992,0.743859649122807,0.0030288756991074797,0.0012184344727839361
district,2,mention_share,expenditure_count,totals,record count,19,0.43516931553456706,0.06258450760997548,0.38437915064969924,0.10419285170041294,0.43516931553456706,0.38437915064969924,0.07965300968542334,0.13260908398234375
district,2,mention_share,average_expenditure,totals,other,19,0.6741834175190653,0.001548195605314164,0.6736842105263158,0.001565449761605664,0.6741834175190653,0.6736842105263158,0.006911082064460092,0.0043832593324958586
district,2,mention_share,median_expenditure,totals,other,19,0.2780903726434926,0.2489949401047696,0.3877192982456141,0.10096515099755299,0.2780903726434926,0.3877192982456141,0.2681483970359057,0.13260908398234375
district,2,mention_share,amount_share_micro,bin_shares,dollar share,19,-0.4912430559416571,0.03268618887869858,-0.6561403508771929,0.0022822886812038415,0.4912430559416571,0.6561403508771929,0.04740543566706457,0.005325340256142297
district,2,mention_share,expenditure_share_micro,bin_shares,other,19,-0.5887765479708447,0.007997525013937867,-0.5824561403508772,0.008875793988827064,0.5887765479708447,0.5824561403508772,0.015995050027875733,0.015532639480447362
district,2,mention_share,amount_share_small,bin_shares,dollar share,19,-0.5015529800884803,0.02868056125167318,-0.3649122807017544,0.12449718528073025,0.5015529800884803,0.3649122807017544,0.04740543566706457,0.1383148069251861
district,2,mention_share,expenditure_share_small,bin_shares,other,19,0.5900878613227623,0.007824466132583231,0.6052631578947367,0.006033813164502903,0.5900878613227623,0.6052631578947367,0.015995050027875733,0.012067626329005807
district,2,mention_share,amount_share_medium,bin_shares,dollar share,19,-0.4884065868086468,0.033861025476474696,-0.5368421052631579,0.017790451903171155,0.4884065868086468,0.5368421052631579,0.04740543566706457,0.027674036293821796
district,2,mention_share,expenditure_share_medium,bin_shares,other,19,0.16969839229106662,0.48734088790031527,0.07543859649122807,0.758886868626276,0.16969839229106662,0.07543859649122807,0.48734088790031527,0.758886868626276
district,2,mention_share,amount_share_large,bin_shares,dollar share,19,-0.6493650061447955,0.0026236792382256812,-0.7912280701754386,5.4729400232003095e-05,0.6493650061447955,0.7912280701754386,0.007346301867031908,0.0003831058016240217
district,2,mention_share,expenditure_share_large,bin_shares,other,19,-0.3206452729849778,0.18075351743361603,-0.3614035087719299,0.12843517785910138,0.3206452729849778,0.3614035087719299,0.21087910367255205,0.1383148069251861
district,2,mention_share,amount_share_mega,bin_shares,dollar share,19,0.6630110475085873,0.001974594875560026,0.7947368421052632,4.7999636319209996e-05,0.6630110475085873,0.7947368421052632,0.006911082064460092,0.0003831058016240217
district,2,mention_share,expenditure_share_mega,bin_shares,other,19,0.7026359502307948,0.000794286501458363,0.7333333333333334,0.0003534246381327733,0.7026359502307948,0.7333333333333334,0.005560005510208541,0.0012369862334647066
district,2,first_place_share,total_spending,totals,other,19,0.501257170348598,0.028789865509836404,0.736842105263158,0.0003199884368060791,0.501257170348598,0.736842105263158,0.06064604013638134,0.001119959528821277
district,2,first_place_share,expenditure_count,totals,record count,19,0.21219930335057763,0.38312368581253853,0.37209305907642115,0.11670608715535581,0.21219930335057763,0.37209305907642115,0.4125947385673492,0.1485350200159074
district,2,first_place_share,average_expenditure,totals,other,19,0.5284471620704352,0.020019273601860094,0.6684210526315789,0.0017573316440074721,0.5284471620704352,0.6684210526315789,0.06064604013638134,0.0049205286032209215
district,2,first_place_share,median_expenditure,totals,other,19,0.227130986488092,0.3497210502532434,0.34210526315789475,0.1516719606843407,0.227130986488092,0.34210526315789475,0.40800789196211734,0.16333903458313612
district,2,first_place_share,amount_share_micro,bin_shares,dollar share,19,-0.39246776851338244,0.0965019205355106,-0.6403508771929824,0.0031424740051127424,0.39246776851338244,0.6403508771929824,0.15011409861079425,0.007332439345263066
district,2,first_place_share,expenditure_share_micro,bin_shares,other,19,-0.5261357090218933,0.02067021221619989,-0.5631578947368421,0.012051569533247411,0.5261357090218933,0.5631578947368421,0.06064604013638134,0.024103139066494823
district,2,first_place_share,amount_share_small,bin_shares,dollar share,19,-0.36502365309618745,0.12437360625657487,-0.3614035087719299,0.12843517785910138,0.36502365309618745,0.3614035087719299,0.1741230487592048,0.14984104083561828
district,2,first_place_share,expenditure_share_small,bin_shares,other,19,0.6099979669583278,0.005549352606598196,0.5491228070175439,0.014889997605272242,0.6099979669583278,0.5491228070175439,0.05989817067462861,0.026057495809226425
district,2,first_place_share,amount_share_medium,bin_shares,dollar share,19,-0.3985655999730096,0.09098281195411165,-0.5368421052631579,0.017790451903171155,0.3985655999730096,0.5368421052631579,0.15011409861079425,0.027674036293821796
district,2,first_place_share,expenditure_share_medium,bin_shares,other,19,0.06705560329440967,0.7850437845055341,0.02982456140350877,0.903530415784872,0.06705560329440967,0.02982456140350877,0.7850437845055341,0.903530415784872
district,2,first_place_share,amount_share_large,bin_shares,dollar share,19,-0.4971976547455174,0.03032302006819067,-0.8210526315789475,1.6458315542989006e-05,0.4971976547455174,0.8210526315789475,0.06064604013638134,0.00014461197708010034
district,2,first_place_share,expenditure_share_large,bin_shares,other,19,-0.26261759864864564,0.2773825423950854,-0.39824561403508774,0.09126656430719732,0.26261759864864564,0.39824561403508774,0.3530323266846542,0.12777319003007623
district,2,first_place_share,amount_share_mega,bin_shares,dollar share,19,0.5104656961749409,0.025536505162912906,0.8157894736842105,2.0658853868585763e-05,0.5104656961749409,0.8157894736842105,0.06064604013638134,0.00014461197708010034
district,2,first_place_share,expenditure_share_mega,bin_shares,other,19,0.584689976543294,0.008556881524946944,0.7789473684210525,8.503539208142192e-05,0.584689976543294,0.7789473684210525,0.05989817067462861,0.00039683182971330235
district,3,mention_share,total_spending,totals,other,16,0.7465594813972973,0.0008930671247661887,0.7999999999999999,0.00019857097280000065,0.7465594813972973,0.7999999999999999,0.006251469873363321,0.002779993619200009
district,3,mention_share,expenditure_count,totals,record count,16,0.8903808148874006,3.7996557563194994e-06,0.6637235056626809,0.005055118789637934,0.8903808148874006,0.6637235056626809,5.3195180588472996e-05,0.011795277175821847
district,3,mention_share,average_expenditure,totals,other,16,0.5583475691425301,0.024584520887074135,0.7058823529411764,0.0022459006010513297,0.5583475691425301,0.7058823529411764,0.05736388206983965,0.007860652103679654
district,3,mention_share,median_expenditure,totals,other,16,-0.0670593312403893,0.8050975087402669,0.108983917898817,0.6878504298109271,0.0670593312403893,0.108983917898817,0.867028086335672,0.8024921681127484
district,3,mention_share,amount_share_micro,bin_shares,dollar share,16,-0.4304901737319141,0.09600871713355408,-0.44705882352941173,0.08253692339537141,0.4304901737319141,0.44705882352941173,0.1493468933188619,0.1283907697261333
district,3,mention_share,expenditure_share_micro,bin_shares,other,16,-0.028169943069571823,0.9175192970884755,0.07505520795742067,0.7823508285466045,0.028169943069571823,0.07505520795742067,0.9175192970884755,0.842531661511728
district,3,mention_share,amount_share_small,bin_shares,dollar share,16,-0.43805501269290376,0.08967718443947531,-0.5823529411764706,0.017932734131035365,0.43805501269290376,0.5823529411764706,0.1493468933188619,0.03138228472931189
district,3,mention_share,expenditure_share_small,bin_shares,other,16,-0.09054507860914715,0.7387667342731571,-0.25588235294117645,0.3387899080712459,0.09054507860914715,0.25588235294117645,0.867028086335672,0.4743058712997443
district,3,mention_share,amount_share_medium,bin_shares,dollar share,16,-0.5362065575038264,0.03226438890318442,-0.6647058823529411,0.0049673859374819995,0.5362065575038264,0.6647058823529411,0.06452877780636884,0.011795277175821847
district,3,mention_share,expenditure_share_medium,bin_shares,other,16,-0.08287606554249981,0.7602607169791273,0.1264705882352941,0.6406944408168839,0.08287606554249981,0.1264705882352941,0.867028086335672,0.8024921681127484
district,3,mention_share,amount_share_large,bin_shares,dollar share,16,-0.5981601438551307,0.014381760172329663,-0.7352941176470589,0.0011716155350991776,0.5981601438551307,0.7352941176470589,0.05033616060315382,0.005467539163796163
district,3,mention_share,expenditure_share_large,bin_shares,other,16,-0.21346437352069275,0.4273068296788266,-0.03823529411764706,0.8881976539853075,0.21346437352069275,0.03823529411764706,0.5982295615503572,0.8881976539853075
district,3,mention_share,amount_share_mega,bin_shares,dollar share,16,0.6691566181718769,0.004585044857889618,0.7437241079371797,0.0009574376064725436,0.6691566181718769,0.7437241079371797,0.021396876003484885,0.005467539163796163
district,3,mention_share,expenditure_share_mega,bin_shares,other,16,0.5731071098234686,0.020304383086030654,0.5837197181817704,0.017601229055858647,0.5731071098234686,0.5837197181817704,0.056852272640885826,0.03138228472931189
district,3,first_place_share,total_spending,totals,other,16,0.8283526411419199,7.380266503967164e-05,0.788235294117647,0.0002864656823918494,0.8283526411419199,0.788235294117647,0.0005166186552777015,0.004010519553485892
district,3,first_place_share,expenditure_count,totals,record count,16,0.9029848780799272,1.672643262412378e-06,0.6416484444987336,0.007376868278084648,0.9029848780799272,0.6416484444987336,2.3417005673773296e-05,0.01721269264886418
district,3,first_place_share,average_expenditure,totals,other,16,0.5964142151351848,0.014744468337323438,0.6558823529411765,0.005800736962231499,0.5964142151351848,0.6558823529411765,0.04665921875336173,0.0162420634942482
district,3,first_place_share,median_expenditure,totals,other,16,-0.004212062667351996,0.9876480709135897,0.22238610273947795,0.40776754221527023,0.004212062667351996,0.22238610273947795,0.9876480709135897,0.5189768719103439
district,3,first_place_share,amount_share_micro,bin_shares,dollar share,16,-0.34650132570835207,0.18859236078255687,-0.45,0.08029573654339643,0.34650132570835207,0.45,0.31716935656165285,0.12490447906750556
district,3,first_place_share,expenditure_share_micro,bin_shares,other,16,-0.12068143734469791,0.6561742030792754,-0.03237675637378931,0.9052501157298698,0.12068143734469791,0.03237675637378931,0.8351308039190778,0.9827505044191351
district,3,first_place_share,amount_share_small,bin_shares,dollar share,16,-0.33554533467097075,0.20389458636106256,-0.5441176470588236,0.029336337481376512,0.33554533467097075,0.5441176470588236,0.31716935656165285,0.051338590592408896
district,3,first_place_share,expenditure_share_small,bin_shares,other,16,0.018453669983658872,0.9459192895695561,-0.22352941176470587,0.40529834728275926,0.018453669983658872,0.22352941176470587,0.9876480709135897,0.5189768719103439
district,3,first_place_share,amount_share_medium,bin_shares,dollar share,16,-0.4433701989309509,0.0854108104611812,-0.6764705882352942,0.004008252390209358,0.4433701989309509,0.6764705882352942,0.1708216209223624,0.015905125939589766
district,3,first_place_share,expenditure_share_medium,bin_shares,other,16,-0.07605990879135877,0.7795039225601037,0.023529411764705882,0.931073583667659,0.07605990879135877,0.023529411764705882,0.9094212429867877,0.9827505044191351
district,3,first_place_share,amount_share_large,bin_shares,dollar share,16,-0.5784133372177007,0.018915433281536116,-0.6794117647058824,0.003793432669159745,0.5784133372177007,0.6794117647058824,0.04665921875336173,0.015905125939589766
district,3,first_place_share,expenditure_share_large,bin_shares,other,16,-0.2345642003198581,0.3818784199266012,-0.0058823529411764705,0.9827505044191351,0.2345642003198581,0.0058823529411764705,0.5346297878972417,0.9827505044191351
district,3,first_place_share,amount_share_mega,bin_shares,dollar share,16,0.5958935402620815,0.014854006752862869,0.6696480015689347,0.004544321697025647,0.5958935402620815,0.6696480015689347,0.04665921875336173,0.015905125939589766
district,3,first_place_share,expenditure_share_mega,bin_shares,other,16,0.5742573570933509,0.019996808037155027,0.6252023377479877,0.009602469542690685,0.5742573570933509,0.6252023377479877,0.04665921875336173,0.01920493908538137
district,4,mention_share,total_spending,totals,other,19,0.81463784672418,2.169185787483793e-05,0.7894736842105263,5.838691930954346e-05,0.81463784672418,0.7894736842105263,0.000303686010247731,0.0008174168703336085
district,4,mention_share,expenditure_count,totals,record count,19,0.5145096793784256,0.024202389514130146,0.6739798805912535,0.0015552112211452125,0.5145096793784256,0.6739798805912535,0.05722153894545332,0.005443239274008244
district,4,mention_share,average_expenditure,totals,other,19,0.6449435561081485,0.0028684818854851713,0.7070175438596492,0.0007119266564509038,0.6449435561081485,0.7070175438596492,0.0133862487989308,0.00430811458463957
district,4,mention_share,median_expenditure,totals,other,19,0.4361233796776194,0.06194646338405998,0.6000000000000001,0.006612317304156055,0.4361233796776194,0.6000000000000001,0.07884095339789451,0.01322463460831211
district,4,mention_share,amount_share_micro,bin_shares,dollar share,19,-0.46514672466794205,0.044773906633600376,-0.5350877192982456,0.018239096545756565,0.46514672466794205,0.5350877192982456,0.06441173872591177,0.028371927960065765
district,4,mention_share,expenditure_share_micro,bin_shares,other,19,-0.47253556740261476,0.04105082197499533,-0.6000000000000001,0.006612317304156055,0.47253556740261476,0.6000000000000001,0.06441173872591177,0.01322463460831211
district,4,mention_share,amount_share_small,bin_shares,dollar share,19,-0.47398421877712626,0.040349664510189225,-0.6157894736842106,0.005000516994406029,0.47398421877712626,0.6157894736842106,0.06441173872591177,0.01322463460831211
district,4,mention_share,expenditure_share_small,bin_shares,other,19,0.02225781015930922,0.9279346927679324,0.03684210526315789,0.8809707676679907,0.02225781015930922,0.03684210526315789,0.9279346927679324,0.8809707676679907
district,4,mention_share,amount_share_medium,bin_shares,dollar share,19,-0.5135205639796558,0.024523516690908565,-0.5666666666666667,0.011414828523297834,0.5135205639796558,0.5666666666666667,0.05722153894545332,0.019975949915771212
district,4,mention_share,expenditure_share_medium,bin_shares,other,19,0.14612295479436466,0.5505656408254069,0.1851689515686907,0.4478902405792987,0.14612295479436466,0.1851689515686907,0.5929168439658228,0.4823433360084755
district,4,mention_share,amount_share_large,bin_shares,dollar share,19,-0.4628008646880963,0.046008384804222695,-0.4,0.0897187467211531,0.4628008646880963,0.4,0.06441173872591177,0.11418749582692213
district,4,mention_share,expenditure_share_large,bin_shares,other,19,0.22968700793403532,0.34417707166262357,0.343859649122807,0.1494473084091159,0.22968700793403532,0.343859649122807,0.4015399169397275,0.17435519314396858
district,4,mention_share,amount_share_mega,bin_shares,dollar share,19,0.5288524687064416,0.019906825237136938,0.5228070175438596,0.021636910536196246,0.5288524687064416,0.5228070175438596,0.05722153894545332,0.030291674750674742
district,4,mention_share,expenditure_share_mega,bin_shares,other,19,0.6643435919086759,0.0019191117989439629,0.6964912280701754,0.0009231674109941936,0.6643435919086759,0.6964912280701754,0.0133862487989308,0.00430811458463957
district,4,first_place_share,total_spending,totals,other,19,0.7344097724082741,0.0003428663798889024,0.8,3.9238561936082606e-05,0.7344097724082741,0.8,0.004800129318444634,0.0005493398671051565
district,4,first_place_share,expenditure_count,totals,record count,19,0.46719427289026055,0.04371727819606916,0.6801229263778924,0.0013547858381551734,0.46719427289026055,0.6801229263778924,0.15301047368624207,0.006150660754026153
district,4,first_place_share,average_expenditure,totals,other,19,0.5812253096465607,0.00905558459295767,0.6859649122807018,0.0011846753538876109,0.5812253096465607,0.6859649122807018,0.0633890921507037,0.006150660754026153
district,4,first_place_share,median_expenditure,totals,other,19,0.2839441364577069,0.23875567667196412,0.5684210526315789,0.011106774915463193,0.2839441364577069,0.5684210526315789,0.3038708612188634,0.022213549830926386
district,4,first_place_share,amount_share_micro,bin_shares,dollar share,19,-0.35833419316903015,0.13195135460399884,-0.5157894736842105,0.02379180877011267,0.35833419316903015,0.5157894736842105,0.1953010645141046,0.03700948030906415
district,4,first_place_share,expenditure_share_micro,bin_shares,other,19,-0.37283642968103103,0.11591988897447421,-0.5719298245614035,0.010510758441862306,0.37283642968103103,0.5719298245614035,0.1953010645141046,0.022213549830926386
district,4,first_place_share,amount_share_small,bin_shares,dollar share,19,-0.3519334308128488,0.13950076036721756,-0.6245614035087719,0.004254572383862963,0.3519334308128488,0.6245614035087719,0.1953010645141046,0.011912802674816297
district,4,first_place_share,expenditure_share_small,bin_shares,other,19,0.08877733410358284,0.7177890881049142,-0.0035087719298245615,0.9886257366379809,0.08877733410358284,0.0035087719298245615,0.7177890881049142,0.9886257366379809
district,4,first_place_share,amount_share_medium,bin_shares,dollar share,19,-0.40092755928954216,0.08890819935439108,-0.5508771929824561,0.014508498261036236,0.40092755928954216,0.5508771929824561,0.17781639870878216,0.025389871956813415
district,4,first_place_share,expenditure_share_medium,bin_shares,other,19,0.10656092226203039,0.664147135073556,0.16147434639165448,0.5089829654618266,0.10656092226203039,0.16147434639165448,0.7152353762330603,0.5481355012665825
district,4,first_place_share,amount_share_large,bin_shares,dollar share,19,-0.4011129314229746,0.08874685635304057,-0.368421052631579,0.12064548315260953,0.4011129314229746,0.368421052631579,0.17781639870878216,0.15354879673968486
district,4,first_place_share,expenditure_share_large,bin_shares,other,19,0.12028812877529621,0.6237691760412635,0.3456140350877193,0.14724536947686548,0.12028812877529621,0.3456140350877193,0.7152353762330603,0.1717862643896764
district,4,first_place_share,amount_share_mega,bin_shares,dollar share,19,0.4372135830171085,0.06122336989889591,0.4929824561403509,0.03198157441535628,0.4372135830171085,0.4929824561403509,0.17142543571690855,0.04477420418149879
district,4,first_place_share,expenditure_share_mega,bin_shares,other,19,0.5389901232508911,0.017253138072186792,0.6684210526315789,0.0017573316440074721,0.5389901232508911,0.6684210526315789,0.08051464433687171,0.006150660754026153
