year,district,candidate_key,canonical_candidate,contribution_bin,amount,contribution_count,total_amount,total_contribution_count,amount_share,contribution_share
2024,1,2024|1|candace avalos,Candace Avalos,Micro,15993.76,1081,58893.8,1494,0.27156950307163064,0.7235609103078983
2024,1,2024|1|candace avalos,Candace Avalos,Small,22049.96,353,58893.8,1494,0.37440205929996023,0.2362784471218206
2024,1,2024|1|candace avalos,Candace Avalos,Medium,7116.39,33,58893.8,1494,0.12083428136747841,0.02208835341365462
2024,1,2024|1|candace avalos,Candace Avalos,Large,9946.04,25,58893.8,1494,0.16888093483524583,0.01673360107095047
2024,1,2024|1|candace avalos,Candace Avalos,Mega,3787.65,2,58893.8,1494,0.06431322142568488,0.0013386880856760374
2024,1,2024|1|cayle tern,Cayle Tern,Micro,3135.0,261,7395.0,313,0.4239350912778905,0.8338658146964856
2024,1,2024|1|cayle tern,Cayle Tern,Small,3160.0,48,7395.0,313,0.427315753887762,0.15335463258785942
2024,1,2024|1|cayle tern,Cayle Tern,Medium,750.0,3,7395.0,313,0.10141987829614604,0.009584664536741214
2024,1,2024|1|cayle tern,Cayle Tern,Large,350.0,1,7395.0,313,0.04732927653820149,0.003194888178913738
2024,1,2024|1|cayle tern,Cayle Tern,Mega,0.0,0,7395.0,313,0.0,0.0
2024,1,2024|1|david linn,David Linn,Micro,1272.0,91,4776.99,130,0.2662764627935164,0.7
2024,1,2024|1|david linn,David Linn,Small,2200.0,34,4776.99,130,0.4605410520013649,0.26153846153846155
2024,1,2024|1|david linn,David Linn,Medium,805.0,4,4776.99,130,0.1685161576641358,0.03076923076923077
2024,1,2024|1|david linn,David Linn,Large,499.99,1,4776.99,130,0.10466632754098293,0.007692307692307693
2024,1,2024|1|david linn,David Linn,Mega,0.0,0,4776.99,130,0.0,0.0
2024,1,2024|1|deian salazar,Deian Salazar,Micro,485.0,41,1380.0,54,0.35144927536231885,0.7592592592592593
2024,1,2024|1|deian salazar,Deian Salazar,Small,695.0,12,1380.0,54,0.5036231884057971,0.2222222222222222
2024,1,2024|1|deian salazar,Deian Salazar,Medium,200.0,1,1380.0,54,0.14492753623188406,0.018518518518518517
2024,1,2024|1|deian salazar,Deian Salazar,Large,0.0,0,1380.0,54,0.0,0.0
2024,1,2024|1|deian salazar,Deian Salazar,Mega,0.0,0,1380.0,54,0.0,0.0
2024,1,2024|1|doug clove,Doug Clove,Micro,125.0,8,1505.0,13,0.08305647840531562,0.6153846153846154
2024,1,2024|1|doug clove,Doug Clove,Small,150.0,2,1505.0,13,0.09966777408637874,0.15384615384615385
2024,1,2024|1|doug clove,Doug Clove,Medium,250.0,1,1505.0,13,0.16611295681063123,0.07692307692307693
2024,1,2024|1|doug clove,Doug Clove,Large,980.0,2,1505.0,13,0.6511627906976745,0.15384615384615385
2024,1,2024|1|doug clove,Doug Clove,Mega,0.0,0,1505.0,13,0.0,0.0
2024,1,2024|1|jamie dunphy,Jamie Dunphy,Micro,10663.76,860,35174.53,1055,0.30316709277991777,0.8151658767772512
2024,1,2024|1|jamie dunphy,Jamie Dunphy,Small,9286.52,151,35174.53,1055,0.2640126250443148,0.14312796208530806
2024,1,2024|1|jamie dunphy,Jamie Dunphy,Medium,4765.0,22,35174.53,1055,0.13546733957781384,0.02085308056872038
2024,1,2024|1|jamie dunphy,Jamie Dunphy,Large,8168.0,21,35174.53,1055,0.23221347946937743,0.01990521327014218
2024,1,2024|1|jamie dunphy,Jamie Dunphy,Mega,2291.25,1,35174.53,1055,0.06513946312857627,0.0009478672985781991
2024,1,2024|1|joe furi,Joe Furi,Micro,9.96,4,813.95,11,0.012236623871245163,0.36363636363636365
2024,1,2024|1|joe furi,Joe Furi,Small,303.99,6,813.95,11,0.37347502917869646,0.5454545454545454
2024,1,2024|1|joe furi,Joe Furi,Medium,0.0,0,813.95,11,0.0,0.0
2024,1,2024|1|joe furi,Joe Furi,Large,500.0,1,813.95,11,0.6142883469500583,0.09090909090909091
2024,1,2024|1|joe furi,Joe Furi,Mega,0.0,0,813.95,11,0.0,0.0
2024,1,2024|1|loretta smith,Loretta Smith,Micro,5887.0,286,43744.96,517,0.13457550309795688,0.5531914893617021
2024,1,2024|1|loretta smith,Loretta Smith,Small,10725.0,144,43744.96,517,0.2451711008536755,0.27852998065764023
2024,1,2024|1|loretta smith,Loretta Smith,Medium,8028.0,36,43744.96,517,0.18351828416347848,0.06963249516441006
2024,1,2024|1|loretta smith,Loretta Smith,Large,19104.96,51,43744.96,517,0.4367351118848891,0.09864603481624758
2024,1,2024|1|loretta smith,Loretta Smith,Mega,0.0,0,43744.96,517,0.0,0.0
2024,1,2024|1|noah ernst,Noah Ernst,Micro,4620.0,337,12993.18,416,0.3555711534820575,0.8100961538461539
2024,1,2024|1|noah ernst,Noah Ernst,Small,3870.0,66,12993.18,416,0.29784856363107415,0.15865384615384615
2024,1,2024|1|noah ernst,Noah Ernst,Medium,1150.0,5,12993.18,416,0.08850797110484115,0.01201923076923077
2024,1,2024|1|noah ernst,Noah Ernst,Large,3353.18,8,12993.18,416,0.25807231178202716,0.019230769230769232
2024,1,2024|1|noah ernst,Noah Ernst,Mega,0.0,0,12993.18,416,0.0,0.0
2024,1,2024|1|steph routh,Steph Routh,Micro,21762.91,1422,76006.70999999999,1975,0.28632879912839276,0.72
2024,1,2024|1|steph routh,Steph Routh,Small,31332.8,471,76006.70999999999,1975,0.41223728799733605,0.23848101265822785
2024,1,2024|1|steph routh,Steph Routh,Medium,10701.0,51,76006.70999999999,1975,0.14079020128617592,0.025822784810126582
2024,1,2024|1|steph routh,Steph Routh,Large,12210.0,31,76006.70999999999,1975,0.16064371158809534,0.01569620253164557
2024,1,2024|1|steph routh,Steph Routh,Mega,0.0,0,76006.70999999999,1975,0.0,0.0
2024,1,2024|1|terrence hayes,Terrence Hayes,Micro,10461.89,748,36108.05,963,0.2897384378275758,0.7767393561786086
2024,1,2024|1|terrence hayes,Terrence Hayes,Small,12338.01,165,36108.05,963,0.3416969346170729,0.17133956386292834
2024,1,2024|1|terrence hayes,Terrence Hayes,Medium,5877.13,29,36108.05,963,0.16276508977914897,0.030114226375908618
2024,1,2024|1|terrence hayes,Terrence Hayes,Large,7431.02,21,36108.05,963,0.20579953777620225,0.021806853582554516
2024,1,2024|1|terrence hayes,Terrence Hayes,Mega,0.0,0,36108.05,963,0.0,0.0
2024,1,2024|1|thomas shervey,Thomas Shervey,Micro,100.0,11,1060.0,21,0.09433962264150944,0.5238095238095238
2024,1,2024|1|thomas shervey,Thomas Shervey,Small,710.0,9,1060.0,21,0.6698113207547169,0.42857142857142855
2024,1,2024|1|thomas shervey,Thomas Shervey,Medium,250.0,1,1060.0,21,0.2358490566037736,0.047619047619047616
2024,1,2024|1|thomas shervey,Thomas Shervey,Large,0.0,0,1060.0,21,0.0,0.0
2024,1,2024|1|thomas shervey,Thomas Shervey,Mega,0.0,0,1060.0,21,0.0,0.0
2024,1,2024|1|timur ender,Timur Ender,Micro,12693.0,840,61809.84,1260,0.20535565210976117,0.6666666666666666
2024,1,2024|1|timur ender,Timur Ender,Small,20985.09,315,61809.84,1260,0.3395105051234561,0.25
2024,1,2024|1|timur ender,Timur Ender,Medium,12149.0,62,61809.84,1260,0.19655446446714633,0.049206349206349205
2024,1,2024|1|timur ender,Timur Ender,Large,15982.75,43,61809.84,1260,0.25857937829963645,0.034126984126984124
2024,1,2024|1|timur ender,Timur Ender,Mega,0.0,0,61809.84,1260,0.0,0.0
2024,2,2024|2|bob simril,Bob Simril,Micro,4230.0,284,26230.0,424,0.16126572626763247,0.6698113207547169
2024,2,2024|2|bob simril,Bob Simril,Small,6470.0,94,26230.0,424,0.24666412504765536,0.22169811320754718
2024,2,2024|2|bob simril,Bob Simril,Medium,3200.0,15,26230.0,424,0.12199771254288982,0.03537735849056604
2024,2,2024|2|bob simril,Bob Simril,Large,12330.0,31,26230.0,424,0.4700724361418223,0.07311320754716981
2024,2,2024|2|bob simril,Bob Simril,Mega,0.0,0,26230.0,424,0.0,0.0
2024,2,2024|2|chris olson,Chris Olson,Micro,3709.46,353,7272.45,389,0.5100701964262387,0.9074550128534704
2024,2,2024|2|chris olson,Chris Olson,Small,2163.99,33,7272.45,389,0.29755996947383617,0.08483290488431877
2024,2,2024|2|chris olson,Chris Olson,Medium,0.0,0,7272.45,389,0.0,0.0
2024,2,2024|2|chris olson,Chris Olson,Large,1399.0,3,7272.45,389,0.19236983409992506,0.007712082262210797
2024,2,2024|2|chris olson,Chris Olson,Mega,0.0,0,7272.45,389,0.0,0.0
2024,2,2024|2|dan ryan,Dan Ryan,Micro,9948.0,481,120133.0,1151,0.08280822088851524,0.41789748045178104
2024,2,2024|2|dan ryan,Dan Ryan,Small,31732.0,411,120133.0,1151,0.2641405775265747,0.35708079930495223
2024,2,2024|2|dan ryan,Dan Ryan,Medium,25603.0,112,120133.0,1151,0.21312212298036343,0.09730668983492616
2024,2,2024|2|dan ryan,Dan Ryan,Large,52850.0,147,120133.0,1151,0.4399290786045466,0.12771503040834056
2024,2,2024|2|dan ryan,Dan Ryan,Mega,0.0,0,120133.0,1151,0.0,0.0
2024,2,2024|2|debbie kitchin,Debbie Kitchin,Micro,4338.0,242,34884.880000000005,460,0.12435186820192586,0.5260869565217391
2024,2,2024|2|debbie kitchin,Debbie Kitchin,Small,11267.0,153,34884.880000000005,460,0.32297660189744093,0.33260869565217394
2024,2,2024|2|debbie kitchin,Debbie Kitchin,Medium,6524.88,31,34884.880000000005,460,0.18704034527279437,0.06739130434782609
2024,2,2024|2|debbie kitchin,Debbie Kitchin,Large,12755.0,34,34884.880000000005,460,0.3656311846278387,0.07391304347826087
2024,2,2024|2|debbie kitchin,Debbie Kitchin,Mega,0.0,0,34884.880000000005,460,0.0,0.0
2024,2,2024|2|elana pirtle guiney,Elana Pirtle-Guiney,Micro,6691.97,354,47039.93,615,0.14226147870543177,0.5756097560975609
2024,2,2024|2|elana pirtle guiney,Elana Pirtle-Guiney,Small,12512.65,179,47039.93,615,0.2660006084192727,0.2910569105691057
2024,2,2024|2|elana pirtle guiney,Elana Pirtle-Guiney,Medium,8640.31,42,47039.93,615,0.18368033285763816,0.06829268292682927
2024,2,2024|2|elana pirtle guiney,Elana Pirtle-Guiney,Large,14695.0,39,47039.93,615,0.3123941723552735,0.06341463414634146
2024,2,2024|2|elana pirtle guiney,Elana Pirtle-Guiney,Mega,4500.0,1,47039.93,615,0.09566340766238385,0.0016260162601626016
2024,2,2024|2|james armstrong,James Armstrong,Micro,4615.0,265,25246.18,426,0.1827999325046403,0.6220657276995305
2024,2,2024|2|james armstrong,James Armstrong,Small,8671.18,124,25246.18,426,0.34346503114530597,0.29107981220657275
2024,2,2024|2|james armstrong,James Armstrong,Medium,3780.0,17,25246.18,426,0.1497256218564551,0.03990610328638498
2024,2,2024|2|james armstrong,James Armstrong,Large,8180.0,20,25246.18,426,0.32400941449359866,0.046948356807511735
2024,2,2024|2|james armstrong,James Armstrong,Mega,0.0,0,25246.18,426,0.0,0.0
2024,2,2024|2|jennifer park,Jennifer Park,Micro,4516.62,343,15950.86,418,0.283158400236727,0.8205741626794258
2024,2,2024|2|jennifer park,Jennifer Park,Small,3613.6,54,15950.86,418,0.2265457787229027,0.1291866028708134
2024,2,2024|2|jennifer park,Jennifer Park,Medium,1099.48,5,15950.86,418,0.0689291988018201,0.011961722488038277
2024,2,2024|2|jennifer park,Jennifer Park,Large,6721.16,16,15950.86,418,0.42136662223855015,0.03827751196172249
2024,2,2024|2|jennifer park,Jennifer Park,Mega,0.0,0,15950.86,418,0.0,0.0
2024,2,2024|2|jonathan tasini,Jonathan Tasini,Micro,6720.56,431,49453.07,717,0.13589773091943536,0.601115760111576
2024,2,2024|2|jonathan tasini,Jonathan Tasini,Small,12506.69,190,49453.07,717,0.25290017384158353,0.2649930264993027
2024,2,2024|2|jonathan tasini,Jonathan Tasini,Medium,6401.34,34,49453.07,717,0.12944272216062622,0.04741980474198047
2024,2,2024|2|jonathan tasini,Jonathan Tasini,Large,23824.48,62,49453.07,717,0.48175937307835487,0.08647140864714087
2024,2,2024|2|jonathan tasini,Jonathan Tasini,Mega,0.0,0,49453.07,717,0.0,0.0
2024,2,2024|2|laura streib,Laura Streib,Micro,3498.29,236,10718.42,318,0.3263811270691016,0.7421383647798742
2024,2,2024|2|laura streib,Laura Streib,Small,2805.03,56,10718.42,318,0.2617018179918309,0.1761006289308176
2024,2,2024|2|laura streib,Laura Streib,Medium,2565.1,21,10718.42,318,0.23931698888455574,0.0660377358490566
2024,2,2024|2|laura streib,Laura Streib,Large,1850.0,5,10718.42,318,0.17260006605451175,0.015723270440251572
2024,2,2024|2|laura streib,Laura Streib,Mega,0.0,0,10718.42,318,0.0,0.0
2024,2,2024|2|mariah hudson,Mariah Hudson,Micro,10230.0,710,74201.68,1112,0.13786749841782558,0.6384892086330936
2024,2,2024|2|mariah hudson,Mariah Hudson,Small,17643.1,253,74201.68,1112,0.2377722445098278,0.2275179856115108
2024,2,2024|2|mariah hudson,Mariah Hudson,Medium,11693.6,56,74201.68,1112,0.15759211920808264,0.050359712230215826
2024,2,2024|2|mariah hudson,Mariah Hudson,Large,34634.98,93,74201.68,1112,0.4667681378642641,0.08363309352517985
2024,2,2024|2|mariah hudson,Mariah Hudson,Mega,0.0,0,74201.68,1112,0.0,0.0
2024,2,2024|2|marnie glickman,Marnie Glickman,Micro,10126.0,863,34318.0,1090,0.2950638149076287,0.791743119266055
2024,2,2024|2|marnie glickman,Marnie Glickman,Small,12396.0,188,34318.0,1090,0.36120986071449385,0.1724770642201835
2024,2,2024|2|marnie glickman,Marnie Glickman,Medium,3956.0,20,34318.0,1090,0.11527478291275715,0.01834862385321101
2024,2,2024|2|marnie glickman,Marnie Glickman,Large,7840.0,19,34318.0,1090,0.22845154146512034,0.01743119266055046
2024,2,2024|2|marnie glickman,Marnie Glickman,Mega,0.0,0,34318.0,1090,0.0,0.0
2024,2,2024|2|michael mike marshall,Michael (Mike) Marshall,Micro,6333.0,321,55074.82,663,0.11498902765365371,0.4841628959276018
2024,2,2024|2|michael mike marshall,Michael (Mike) Marshall,Small,16714.0,233,55074.82,663,0.3034780685620035,0.3514328808446455
2024,2,2024|2|michael mike marshall,Michael (Mike) Marshall,Medium,13677.82,61,55074.82,663,0.24834979033975962,0.09200603318250378
2024,2,2024|2|michael mike marshall,Michael (Mike) Marshall,Large,18350.0,48,55074.82,663,0.33318311344458323,0.07239819004524888
2024,2,2024|2|michael mike marshall,Michael (Mike) Marshall,Mega,0.0,0,55074.82,663,0.0,0.0
2024,2,2024|2|michelle depass,Michelle DePass,Micro,7739.41,474,32578.29,720,0.23756342030229333,0.6583333333333333
2024,2,2024|2|michelle depass,Michelle DePass,Small,14069.0,208,32578.29,720,0.43185200942099783,0.28888888888888886
2024,2,2024|2|michelle depass,Michelle DePass,Medium,4344.88,21,32578.29,720,0.1333673437126381,0.029166666666666667
2024,2,2024|2|michelle depass,Michelle DePass,Large,6425.0,17,32578.29,720,0.19721722656407073,0.02361111111111111
2024,2,2024|2|michelle depass,Michelle DePass,Mega,0.0,0,32578.29,720,0.0,0.0
2024,2,2024|2|nabil zaghloul,Nabil Zaghloul,Micro,11884.0,984,26484.0,1111,0.4487237577405226,0.8856885688568857
2024,2,2024|2|nabil zaghloul,Nabil Zaghloul,Small,6924.0,103,26484.0,1111,0.26144086995922067,0.0927092709270927
2024,2,2024|2|nabil zaghloul,Nabil Zaghloul,Medium,2076.0,10,26484.0,1111,0.07838695061169007,0.009000900090009001
2024,2,2024|2|nabil zaghloul,Nabil Zaghloul,Large,5600.0,14,26484.0,1111,0.21144842168856667,0.012601260126012601
2024,2,2024|2|nabil zaghloul,Nabil Zaghloul,Mega,0.0,0,26484.0,1111,0.0,0.0
2024,2,2024|2|nat west,Nat West,Micro,18105.35,1237,51915.64,1649,0.34874558032993525,0.7501516070345664
2024,2,2024|2|nat west,Nat West,Small,20976.81,363,51915.64,1649,0.4040556949697625,0.22013341419041843
2024,2,2024|2|nat west,Nat West,Medium,4600.78,26,51915.64,1649,0.0886203078686885,0.015767131594906003
2024,2,2024|2|nat west,Nat West,Large,8232.7,23,51915.64,1649,0.15857841683161378,0.013947847180109158
2024,2,2024|2|nat west,Nat West,Mega,0.0,0,51915.64,1649,0.0,0.0
2024,2,2024|2|reuben berlin,Reuben Berlin,Micro,1060.0,47,6309.98,81,0.16798785416118595,0.5802469135802469
2024,2,2024|2|reuben berlin,Reuben Berlin,Small,1800.0,25,6309.98,81,0.2852623938586176,0.30864197530864196
2024,2,2024|2|reuben berlin,Reuben Berlin,Medium,750.0,3,6309.98,81,0.11885933077442401,0.037037037037037035
2024,2,2024|2|reuben berlin,Reuben Berlin,Large,2699.98,6,6309.98,81,0.4278904212057725,0.07407407407407407
2024,2,2024|2|reuben berlin,Reuben Berlin,Mega,0.0,0,6309.98,81,0.0,0.0
2024,2,2024|2|sam sachs,Sam Sachs,Micro,405.01,34,4349.01,70,0.09312694153382034,0.4857142857142857
2024,2,2024|2|sam sachs,Sam Sachs,Small,2319.0,31,4349.01,70,0.533224802886174,0.44285714285714284
2024,2,2024|2|sam sachs,Sam Sachs,Medium,575.0,3,4349.01,70,0.13221399812830967,0.04285714285714286
2024,2,2024|2|sam sachs,Sam Sachs,Large,1050.0,2,4349.01,70,0.2414342574516959,0.02857142857142857
2024,2,2024|2|sam sachs,Sam Sachs,Mega,0.0,0,4349.01,70,0.0,0.0
2024,2,2024|2|sameer kanal,Sameer Kanal,Micro,9534.0,962,34711.76,1176,0.2746619589441734,0.8180272108843537
2024,2,2024|2|sameer kanal,Sameer Kanal,Small,9795.76,167,34711.76,1176,0.2822029191259677,0.14200680272108843
2024,2,2024|2|sameer kanal,Sameer Kanal,Medium,2912.0,15,34711.76,1176,0.08389087732802945,0.012755102040816327
2024,2,2024|2|sameer kanal,Sameer Kanal,Large,12470.0,32,34711.76,1176,0.35924424460182947,0.027210884353741496
2024,2,2024|2|sameer kanal,Sameer Kanal,Mega,0.0,0,34711.76,1176,0.0,0.0
2024,2,2024|2|tiffani penson,Tiffani Penson,Micro,6840.24,348,80381.23999999999,853,0.08509746801616895,0.4079718640093787
2024,2,2024|2|tiffani penson,Tiffani Penson,Small,24302.0,341,80381.23999999999,853,0.3023342262448303,0.39976553341148885
2024,2,2024|2|tiffani penson,Tiffani Penson,Medium,17590.0,82,80381.23999999999,853,0.21883215536361472,0.09613130128956623
2024,2,2024|2|tiffani penson,Tiffani Penson,Large,31649.0,82,80381.23999999999,853,0.3937361503753861,0.09613130128956623
2024,2,2024|2|tiffani penson,Tiffani Penson,Mega,0.0,0,80381.23999999999,853,0.0,0.0
2024,2,2024|2|will mespelt,Will Mespelt,Micro,115.0,8,1215.0,11,0.09465020576131687,0.7272727272727273
2024,2,2024|2|will mespelt,Will Mespelt,Small,100.0,1,1215.0,11,0.0823045267489712,0.09090909090909091
2024,2,2024|2|will mespelt,Will Mespelt,Medium,0.0,0,1215.0,11,0.0,0.0
2024,2,2024|2|will mespelt,Will Mespelt,Large,1000.0,2,1215.0,11,0.823045267489712,0.18181818181818182
2024,2,2024|2|will mespelt,Will Mespelt,Mega,0.0,0,1215.0,11,0.0,0.0
2024,3,2024|3|ahlam k osman,Ahlam K Osman,Micro,4982.06,405,9002.060000000001,454,0.5534355469748035,0.8920704845814978
2024,3,2024|3|ahlam k osman,Ahlam K Osman,Small,3265.0,45,9002.060000000001,454,0.3626947609769319,0.09911894273127753
2024,3,2024|3|ahlam k osman,Ahlam K Osman,Medium,755.0,4,9002.060000000001,454,0.0838696920482645,0.00881057268722467
2024,3,2024|3|ahlam k osman,Ahlam K Osman,Large,0.0,0,9002.060000000001,454,0.0,0.0
2024,3,2024|3|ahlam k osman,Ahlam K Osman,Mega,0.0,0,9002.060000000001,454,0.0,0.0
2024,3,2024|3|angelita morillo,Angelita Morillo,Micro,26290.0,1718,64641.17,2187,0.4067067474180929,0.7855509830818472
2024,3,2024|3|angelita morillo,Angelita Morillo,Small,24993.5,413,64641.17,2187,0.3866498703535224,0.18884316415180613
2024,3,2024|3|angelita morillo,Angelita Morillo,Medium,7857.67,40,64641.17,2187,0.12155828862627333,0.01828989483310471
2024,3,2024|3|angelita morillo,Angelita Morillo,Large,5500.0,16,64641.17,2187,0.08508509360211147,0.007315957933241884
2024,3,2024|3|angelita morillo,Angelita Morillo,Mega,0.0,0,64641.17,2187,0.0,0.0
2024,3,2024|3|chris flanary,Chris Flanary,Micro,5667.37,359,17826.94,442,0.3179104209696112,0.8122171945701357
2024,3,2024|3|chris flanary,Chris Flanary,Small,3613.87,59,17826.94,442,0.20271959180880175,0.1334841628959276
2024,3,2024|3|chris flanary,Chris Flanary,Medium,1221.47,6,17826.94,442,0.06851820895790305,0.013574660633484163
2024,3,2024|3|chris flanary,Chris Flanary,Large,7324.23,18,17826.94,442,0.4108517782636841,0.04072398190045249
2024,3,2024|3|chris flanary,Chris Flanary,Mega,0.0,0,17826.94,442,0.0,0.0
2024,3,2024|3|dan gilk,Dan Gilk,Micro,365.0,22,3490.0,40,0.10458452722063037,0.55
2024,3,2024|3|dan gilk,Dan Gilk,Small,785.0,11,3490.0,40,0.22492836676217765,0.275
2024,3,2024|3|dan gilk,Dan Gilk,Medium,240.0,1,3490.0,40,0.06876790830945559,0.025
2024,3,2024|3|dan gilk,Dan Gilk,Large,2100.0,6,3490.0,40,0.6017191977077364,0.15
2024,3,2024|3|dan gilk,Dan Gilk,Mega,0.0,0,3490.0,40,0.0,0.0
2024,3,2024|3|harrison kass,Harrison Kass,Micro,4263.89,274,16057.89,372,0.26553239560116554,0.7365591397849462
2024,3,2024|3|harrison kass,Harrison Kass,Small,5900.0,80,16057.89,372,0.36742062624666133,0.21505376344086022
2024,3,2024|3|harrison kass,Harrison Kass,Medium,2200.0,9,16057.89,372,0.1370043013123144,0.024193548387096774
2024,3,2024|3|harrison kass,Harrison Kass,Large,3694.0,9,16057.89,372,0.2300426768398588,0.024193548387096774
2024,3,2024|3|harrison kass,Harrison Kass,Mega,0.0,0,16057.89,372,0.0,0.0
2024,3,2024|3|jesse cornett,Jesse Cornett,Micro,12603.96,851,52912.46,1244,0.23820400714689885,0.6840836012861736
2024,3,2024|3|jesse cornett,Jesse Cornett,Small,19002.13,323,52912.46,1244,0.3591239190164283,0.2596463022508039
2024,3,2024|3|jesse cornett,Jesse Cornett,Medium,7919.12,36,52912.46,1244,0.14966455916054555,0.028938906752411574
2024,3,2024|3|jesse cornett,Jesse Cornett,Large,13387.25,34,52912.46,1244,0.2530075146761273,0.027331189710610933
2024,3,2024|3|jesse cornett,Jesse Cornett,Mega,0.0,0,52912.46,1244,0.0,0.0
2024,3,2024|3|jonathan jon walker,Jonathan (Jon) Walker,Micro,1262.5,73,3842.5,97,0.328562134027326,0.7525773195876289
2024,3,2024|3|jonathan jon walker,Jonathan (Jon) Walker,Small,1480.0,20,3842.5,97,0.38516590761223163,0.20618556701030927
2024,3,2024|3|jonathan jon walker,Jonathan (Jon) Walker,Medium,750.0,3,3842.5,97,0.1951854261548471,0.030927835051546393
2024,3,2024|3|jonathan jon walker,Jonathan (Jon) Walker,Large,350.0,1,3842.5,97,0.09108653220559532,0.010309278350515464
2024,3,2024|3|jonathan jon walker,Jonathan (Jon) Walker,Mega,0.0,0,3842.5,97,0.0,0.0
2024,3,2024|3|kelly janes kj,Kelly Janes (KJ),Micro,680.0,47,4730.0,66,0.14376321353065538,0.7121212121212122
2024,3,2024|3|kelly janes kj,Kelly Janes (KJ),Small,550.0,10,4730.0,66,0.11627906976744186,0.15151515151515152
2024,3,2024|3|kelly janes kj,Kelly Janes (KJ),Medium,250.0,1,4730.0,66,0.052854122621564484,0.015151515151515152
2024,3,2024|3|kelly janes kj,Kelly Janes (KJ),Large,3250.0,8,4730.0,66,0.6871035940803383,0.12121212121212122
2024,3,2024|3|kelly janes kj,Kelly Janes (KJ),Mega,0.0,0,4730.0,66,0.0,0.0
2024,3,2024|3|luke zak,Luke Zak,Micro,4374.93,414,9730.62,473,0.44960444452665915,0.8752642706131079
2024,3,2024|3|luke zak,Luke Zak,Small,3055.0,52,9730.62,473,0.3139573840104741,0.10993657505285412
2024,3,2024|3|luke zak,Luke Zak,Medium,451.69,3,9730.62,473,0.04641944706503799,0.006342494714587738
2024,3,2024|3|luke zak,Luke Zak,Large,1849.0,4,9730.62,473,0.1900187243978287,0.008456659619450317
2024,3,2024|3|luke zak,Luke Zak,Mega,0.0,0,9730.62,473,0.0,0.0
2024,3,2024|3|matthew matt anderson,Matthew (Matt) Anderson,Micro,10.0,1,710.0,6,0.014084507042253521,0.16666666666666666
2024,3,2024|3|matthew matt anderson,Matthew (Matt) Anderson,Small,200.0,3,710.0,6,0.28169014084507044,0.5
2024,3,2024|3|matthew matt anderson,Matthew (Matt) Anderson,Medium,500.0,2,710.0,6,0.704225352112676,0.3333333333333333
2024,3,2024|3|matthew matt anderson,Matthew (Matt) Anderson,Large,0.0,0,710.0,6,0.0,0.0
2024,3,2024|3|matthew matt anderson,Matthew (Matt) Anderson,Mega,0.0,0,710.0,6,0.0,0.0
2024,3,2024|3|philippe knab,Philippe Knab,Micro,335.0,23,5115.0,47,0.06549364613880743,0.48936170212765956
2024,3,2024|3|philippe knab,Philippe Knab,Small,1100.0,14,5115.0,47,0.21505376344086022,0.2978723404255319
2024,3,2024|3|philippe knab,Philippe Knab,Medium,1180.0,5,5115.0,47,0.23069403714565004,0.10638297872340426
2024,3,2024|3|philippe knab,Philippe Knab,Large,2500.0,5,5115.0,47,0.4887585532746823,0.10638297872340426
2024,3,2024|3|philippe knab,Philippe Knab,Mega,0.0,0,5115.0,47,0.0,0.0
2024,3,2024|3|rex burkholder,Rex Burkholder,Micro,4931.0,255,39230.39,524,0.12569337189867347,0.4866412213740458
2024,3,2024|3|rex burkholder,Rex Burkholder,Small,14093.39,196,39230.39,524,0.3592467472283605,0.37404580152671757
2024,3,2024|3|rex burkholder,Rex Burkholder,Medium,7681.0,37,39230.39,524,0.19579208873528914,0.07061068702290077
2024,3,2024|3|rex burkholder,Rex Burkholder,Large,12525.0,36,39230.39,524,0.3192677921376769,0.06870229007633588
2024,3,2024|3|rex burkholder,Rex Burkholder,Mega,0.0,0,39230.39,524,0.0,0.0
2024,3,2024|3|steve novick,Steve Novick,Micro,9857.55,587,87240.55,1193,0.1129927539429772,0.4920368818105616
2024,3,2024|3|steve novick,Steve Novick,Small,33503.0,447,87240.55,1193,0.3840301327765586,0.37468566638725903
2024,3,2024|3|steve novick,Steve Novick,Medium,19980.0,91,87240.55,1193,0.22902193991211656,0.07627829002514669
2024,3,2024|3|steve novick,Steve Novick,Large,23900.0,68,87240.55,1193,0.2739551733683476,0.05699916177703269
2024,3,2024|3|steve novick,Steve Novick,Mega,0.0,0,87240.55,1193,0.0,0.0
2024,3,2024|3|theo hathaway saner,Theo Hathaway Saner,Micro,2822.0,190,7504.99,238,0.376016490361746,0.7983193277310925
2024,3,2024|3|theo hathaway saner,Theo Hathaway Saner,Small,2682.22,41,7504.99,238,0.35739154882284985,0.1722689075630252
2024,3,2024|3|theo hathaway saner,Theo Hathaway Saner,Medium,850.0,4,7504.99,238,0.11325797902462229,0.01680672268907563
2024,3,2024|3|theo hathaway saner,Theo Hathaway Saner,Large,1150.77,3,7504.99,238,0.15333398179078186,0.012605042016806723
2024,3,2024|3|theo hathaway saner,Theo Hathaway Saner,Mega,0.0,0,7504.99,238,0.0,0.0
2024,3,2024|3|tiffany koyama lane,Tiffany Koyama Lane,Micro,34322.0,2157,88689.62,2848,0.38699004460724945,0.757373595505618
2024,3,2024|3|tiffany koyama lane,Tiffany Koyama Lane,Small,35164.62,623,88689.62,2848,0.3964908182039793,0.21875
2024,3,2024|3|tiffany koyama lane,Tiffany Koyama Lane,Medium,7708.0,37,88689.62,2848,0.0869098322892803,0.012991573033707866
2024,3,2024|3|tiffany koyama lane,Tiffany Koyama Lane,Large,11495.0,31,88689.62,2848,0.12960930489949107,0.010884831460674158
2024,3,2024|3|tiffany koyama lane,Tiffany Koyama Lane,Mega,0.0,0,88689.62,2848,0.0,0.0
2024,4,2024|4|andra vltavin,Andra Vltavín,Micro,0.0,0,800.0,3,0.0,0.0
2024,4,2024|4|andra vltavin,Andra Vltavín,Small,50.0,1,800.0,3,0.0625,0.3333333333333333
2024,4,2024|4|andra vltavin,Andra Vltavín,Medium,250.0,1,800.0,3,0.3125,0.3333333333333333
2024,4,2024|4|andra vltavin,Andra Vltavín,Large,500.0,1,800.0,3,0.625,0.3333333333333333
2024,4,2024|4|andra vltavin,Andra Vltavín,Mega,0.0,0,800.0,3,0.0,0.0
2024,4,2024|4|ben hufford,Ben Hufford,Micro,4256.0,303,49074.17,662,0.08672586821132176,0.45770392749244715
2024,4,2024|4|ben hufford,Ben Hufford,Small,12728.0,257,49074.17,662,0.2593625118876183,0.38821752265861026
2024,4,2024|4|ben hufford,Ben Hufford,Medium,5649.0,29,49074.17,662,0.11511147310285635,0.04380664652567976
2024,4,2024|4|ben hufford,Ben Hufford,Large,26441.17,73,49074.17,662,0.5388001467982036,0.11027190332326284
2024,4,2024|4|ben hufford,Ben Hufford,Mega,0.0,0,49074.17,662,0.0,0.0
2024,4,2024|4|bob weinstein,Bob Weinstein,Micro,4910.0,236,33919.91,473,0.144752742563291,0.4989429175475687
2024,4,2024|4|bob weinstein,Bob Weinstein,Small,12155.88,175,33919.91,473,0.35837005463752697,0.3699788583509514
2024,4,2024|4|bob weinstein,Bob Weinstein,Medium,7980.88,38,33919.91,473,0.23528600164328264,0.080338266384778
2024,4,2024|4|bob weinstein,Bob Weinstein,Large,8873.15,24,33919.91,473,0.26159120115589923,0.0507399577167019
2024,4,2024|4|bob weinstein,Bob Weinstein,Mega,0.0,0,33919.91,473,0.0,0.0
2024,4,2024|4|chad lykins,Chad Lykins,Micro,12465.33,704,47007.66,962,0.26517656909533466,0.7318087318087318
2024,4,2024|4|chad lykins,Chad Lykins,Small,12606.0,186,47007.66,962,0.26816906010637415,0.19334719334719336
2024,4,2024|4|chad lykins,Chad Lykins,Medium,6456.33,32,47007.66,962,0.1373463388732815,0.033264033264033266
2024,4,2024|4|chad lykins,Chad Lykins,Large,15480.0,40,47007.66,962,0.3293080319250096,0.04158004158004158
2024,4,2024|4|chad lykins,Chad Lykins,Mega,0.0,0,47007.66,962,0.0,0.0
2024,4,2024|4|chris henry,Chris Henry,Micro,4534.24,575,5474.24,589,0.8282866662769627,0.9762308998302207
2024,4,2024|4|chris henry,Chris Henry,Small,690.0,13,5474.24,589,0.1260448939030806,0.022071307300509338
2024,4,2024|4|chris henry,Chris Henry,Medium,250.0,1,5474.24,589,0.045668439819956747,0.001697792869269949
2024,4,2024|4|chris henry,Chris Henry,Large,0.0,0,5474.24,589,0.0,0.0
2024,4,2024|4|chris henry,Chris Henry,Mega,0.0,0,5474.24,589,0.0,0.0
2024,4,2024|4|eli arnold,Eli Arnold,Micro,11331.39,626,50778.15,940,0.22315484120630624,0.6659574468085107
2024,4,2024|4|eli arnold,Eli Arnold,Small,16283.99,240,50778.15,940,0.3206889183635087,0.2553191489361702
2024,4,2024|4|eli arnold,Eli Arnold,Medium,8172.6,36,50778.15,940,0.16094717905240738,0.03829787234042553
2024,4,2024|4|eli arnold,Eli Arnold,Large,14990.17,38,50778.15,940,0.29520906137777764,0.04042553191489362
2024,4,2024|4|eli arnold,Eli Arnold,Mega,0.0,0,50778.15,940,0.0,0.0
2024,4,2024|4|eric zimmerman,Eric Zimmerman,Micro,5261.06,277,41878.55,522,0.12562660359539668,0.5306513409961686
2024,4,2024|4|eric zimmerman,Eric Zimmerman,Small,12504.0,171,41878.55,522,0.2985776728181849,0.3275862068965517
2024,4,2024|4|eric zimmerman,Eric Zimmerman,Medium,4974.49,23,41878.55,522,0.11878372102185962,0.044061302681992334
2024,4,2024|4|eric zimmerman,Eric Zimmerman,Large,19139.0,51,41878.55,522,0.45701200256455865,0.09770114942528736
2024,4,2024|4|eric zimmerman,Eric Zimmerman,Mega,0.0,0,41878.55,522,0.0,0.0
2024,4,2024|4|john toran,John Toran,Micro,130.0,10,180.0,11,0.7222222222222222,0.9090909090909091
2024,4,2024|4|john toran,John Toran,Small,50.0,1,180.0,11,0.2777777777777778,0.09090909090909091
2024,4,2024|4|john toran,John Toran,Medium,0.0,0,180.0,11,0.0,0.0
2024,4,2024|4|john toran,John Toran,Large,0.0,0,180.0,11,0.0,0.0
2024,4,2024|4|john toran,John Toran,Mega,0.0,0,180.0,11,0.0,0.0
2024,4,2024|4|lisa freeman,Lisa Freeman,Micro,5531.01,420,25827.58,553,0.21415130647160902,0.759493670886076
2024,4,2024|4|lisa freeman,Lisa Freeman,Small,7019.0,94,25827.58,553,0.27176375022359817,0.16998191681735986
2024,4,2024|4|lisa freeman,Lisa Freeman,Medium,3575.59,17,25827.58,553,0.13844076758256096,0.03074141048824593
2024,4,2024|4|lisa freeman,Lisa Freeman,Large,9701.98,22,25827.58,553,0.3756441757222318,0.039783001808318265
2024,4,2024|4|lisa freeman,Lisa Freeman,Mega,0.0,0,25827.58,553,0.0,0.0
2024,4,2024|4|michael trimble,Michael Trimble,Micro,365.0,26,509.0,29,0.7170923379174853,0.896551724137931
2024,4,2024|4|michael trimble,Michael Trimble,Small,144.0,3,509.0,29,0.2829076620825147,0.10344827586206896
2024,4,2024|4|michael trimble,Michael Trimble,Medium,0.0,0,509.0,29,0.0,0.0
2024,4,2024|4|michael trimble,Michael Trimble,Large,0.0,0,509.0,29,0.0,0.0
2024,4,2024|4|michael trimble,Michael Trimble,Mega,0.0,0,509.0,29,0.0,0.0
2024,4,2024|4|mike dinapoli,Mike DiNapoli,Micro,1585.0,94,7289.0,131,0.21745095349156263,0.7175572519083969
2024,4,2024|4|mike dinapoli,Mike DiNapoli,Small,1720.0,28,7289.0,131,0.23597201262175882,0.21374045801526717
2024,4,2024|4|mike dinapoli,Mike DiNapoli,Medium,150.0,1,7289.0,131,0.020578954589106874,0.007633587786259542
2024,4,2024|4|mike dinapoli,Mike DiNapoli,Large,3834.0,8,7289.0,131,0.5259980792975717,0.061068702290076333
2024,4,2024|4|mike dinapoli,Mike DiNapoli,Mega,0.0,0,7289.0,131,0.0,0.0
2024,4,2024|4|mitch green,Mitch Green,Micro,15991.9,1230,60464.56,1568,0.2644838563284013,0.7844387755102041
2024,4,2024|4|mitch green,Mitch Green,Small,17834.23,283,60464.56,1568,0.2949534404947295,0.18048469387755103
2024,4,2024|4|mitch green,Mitch Green,Medium,5857.45,27,60464.56,1568,0.09687410278020711,0.01721938775510204
2024,4,2024|4|mitch green,Mitch Green,Large,10107.75,25,60464.56,1568,0.1671681725625722,0.01594387755102041
2024,4,2024|4|mitch green,Mitch Green,Mega,10673.23,3,60464.56,1568,0.17652042783408992,0.001913265306122449
2024,4,2024|4|moses ross,Moses Ross,Micro,8731.87,859,27896.63,1021,0.3130080586794893,0.8413320274240941
2024,4,2024|4|moses ross,Moses Ross,Small,7718.0,123,27896.63,1021,0.2766642422400125,0.12047012732615084
2024,4,2024|4|moses ross,Moses Ross,Medium,4771.76,23,27896.63,1021,0.171051485430319,0.022526934378060724
2024,4,2024|4|moses ross,Moses Ross,Large,6675.0,16,27896.63,1021,0.23927621365017923,0.015670910871694418
2024,4,2024|4|moses ross,Moses Ross,Mega,0.0,0,27896.63,1021,0.0,0.0
2024,4,2024|4|olivia clark,Olivia Clark,Micro,10116.0,506,95639.0,1172,0.10577274961051454,0.431740614334471
2024,4,2024|4|olivia clark,Olivia Clark,Small,36548.0,488,95639.0,1172,0.382145359110823,0.41638225255972694
2024,4,2024|4|olivia clark,Olivia Clark,Medium,21902.0,104,95639.0,1172,0.22900699505431885,0.08873720136518772
2024,4,2024|4|olivia clark,Olivia Clark,Large,27073.0,74,95639.0,1172,0.2830748962243436,0.06313993174061433
2024,4,2024|4|olivia clark,Olivia Clark,Mega,0.0,0,95639.0,1172,0.0,0.0
2024,4,2024|4|sarah silkie,Sarah Silkie,Micro,9289.5,897,25477.64,1017,0.36461383393438324,0.8820058997050148
2024,4,2024|4|sarah silkie,Sarah Silkie,Small,6821.35,103,25477.64,1017,0.26773869165275904,0.10127826941986234
2024,4,2024|4|sarah silkie,Sarah Silkie,Medium,1556.79,8,25477.64,1017,0.061104168203962375,0.007866273352999017
2024,4,2024|4|sarah silkie,Sarah Silkie,Large,3310.0,8,25477.64,1017,0.12991784168392362,0.007866273352999017
2024,4,2024|4|sarah silkie,Sarah Silkie,Mega,4500.0,1,25477.64,1017,0.17662546452497171,0.0009832841691248771
2024,4,2024|4|stanley penkin,Stanley Penkin,Micro,7232.0,442,61847.0,830,0.11693372354358336,0.5325301204819277
2024,4,2024|4|stanley penkin,Stanley Penkin,Small,20391.0,274,61847.0,830,0.32970071304994586,0.3301204819277108
2024,4,2024|4|stanley penkin,Stanley Penkin,Medium,12501.0,55,61847.0,830,0.20212783158439374,0.06626506024096386
2024,4,2024|4|stanley penkin,Stanley Penkin,Large,21723.0,59,61847.0,830,0.35123773182207707,0.07108433734939759
2024,4,2024|4|stanley penkin,Stanley Penkin,Mega,0.0,0,61847.0,830,0.0,0.0
2024,4,2024|4|tony morse,Tony Morse,Micro,5843.32,296,41809.6,554,0.13976024645057594,0.5342960288808665
2024,4,2024|4|tony morse,Tony Morse,Small,13023.05,184,41809.6,554,0.3114846829436302,0.33212996389891697
2024,4,2024|4|tony morse,Tony Morse,Medium,6571.25,32,41809.6,554,0.15717084114653096,0.05776173285198556
2024,4,2024|4|tony morse,Tony Morse,Large,16371.98,42,41809.6,554,0.39158422945926297,0.07581227436823104
2024,4,2024|4|tony morse,Tony Morse,Mega,0.0,0,41809.6,554,0.0,0.0
