year,district,candidate,candidate_norm,candidate_key,document_count,has_pdf,form_type_detected,filed_as,office_sought,ballot_name,race_ethnicity_self_reported,tribe_native_corporation_self_reported,education_background,candidate_committee,filing_method,parse_method,is_non_candidate_row,name_candidate_filings,match_method_candidate_filings,has_candidate_filings,name_report2025,match_method_report2025,has_report2025,name_portland_contributions,match_method_portland_contributions,has_portland_contributions,name_orestar,match_method_orestar,has_orestar,filing_status,filing_date,campaign_website,occupation,occupational_background,prior_govt_experience,public_funding_program,needs_manual_review,source_count,expected_source_count,all_expected_sources,coverage_status
2024,1,Candace Avalos,candace avalos,2024|1|candace avalos,1,True,candidate_filing_application,Original,Councilor District 1 (4-Year Term),Candace Avalos Page 2: Candidate Information,"Black or African American | Hispanic, Latino, Latina, or Latinx",,"[{""school"": ""Dominion High School"", ""last_grade_completed"": ""12th"", ""credential"": ""High School Diploma"", ""course_of_study"": ""N/A""}, {""school"": ""James Madison University"", ""last_grade_completed"": ""Undergraduate"", ""credential"": ""Bachelor of Arts"", ""course_of_study"": ""Modern Foreign Languages""}, {""school"": ""James Madison University"", ""last_grade_completed"": ""Graduate"", ""credential"": ""Master of Education"", ""course_of_study"": ""College Student Personnel Administration""}]",I have reviewed the above State campaign finance,,text_layer,False,Candace Avalos,canonical_source,True,Candace Avalos,exact_normalized_name,True,Candace Avalos,exact_normalized_name,True,Avalos,unique_token_containment,True,Qualified,"July 5, 2024",www.candaceavalos.com,"Executive Director of Verde, environmental justice nonprofit",Coordinator of Student Government Relations and Greek Life Advisor at Portland State University University Program Board Graduate Advisor at James Madison University Graduate Hall Director at Stanford University Office of Judicial Affairs Graduate Assistant at James Madison University English as a Second Language Assistant at Dominion High School,"Chair of the Citizen Review Committee Co-chair of committee on Charter Review Commission Governor Kotek's Downtown Portland Task Force, environmental justice committee of Racial Justice Council Governor Brown's DPSST Training Task Force",I have reviewed the above campaign finance,False,4,4,True,candidate_filings+report2025+portland_contributions+orestar
2024,1,Cayle Tern,cayle tern,2024|1|cayle tern,2,True,candidate_filing_application,Amendment,Councilor District 1 (4-Year Term),Cayle Tern Page 2: Candidate Information,Asian or Asian American | Page 9: Candidate Information: Demographic Information,,"[{""school"": ""Portland State University"", ""last_grade_completed"": ""18"", ""credential"": ""Master of Social Work"", ""course_of_study"": """"}, {""school"": ""California State University, Chico"", ""last_grade_completed"": ""16"", ""credential"": ""Bachelor of Science"", ""course_of_study"": ""BUSINESS: Human Resources Management""}]",I have reviewed the above State campaign finance,,text_layer,False,Cayle Tern,canonical_source,True,Cayle Tern,exact_normalized_name,True,Cayle Tern,exact_normalized_name,True,Tern,unique_token_containment,True,Qualified,"July 11, 2024",cayleforpdx.com,"Community Organizer, APANO CUF","Family Coach, Oregon Department of Human Services","Reynolds School Board, Elected",I have reviewed the above campaign finance,False,4,4,True,candidate_filings+report2025+portland_contributions+orestar
2024,1,David Linn,david linn,2024|1|david linn,1,True,candidate_filing_application,Original,Councilor District 1 (4-Year Term),David Linn Page 2: Candidate Information,White | Page 9: Candidate Information: Demographic Information,,"[{""school"": ""Portland State Univ."", ""last_grade_completed"": ""19"", ""credential"": ""Masters of Public Administration"", ""course_of_study"": ""Local Government""}, {""school"": ""Portland State Univ."", ""last_grade_completed"": ""16"", ""credential"": ""BA"", ""course_of_study"": ""History/Political Science""}, {""school"": ""McDaniel High School"", ""last_grade_completed"": ""12"", ""credential"": ""Diploma"", ""course_of_study"": """"}]",I have reviewed the above State campaign finance,,text_layer,False,David Linn,canonical_source,True,David Linn,exact_normalized_name,True,David Linn,exact_normalized_name,True,Linn,unique_token_containment,True,Qualified,"August 7, 2024",Www.linnforPortland.com,Health Licensing,Miscellaneous,Centennial School Board,I have reviewed the above campaign finance,False,4,4,True,candidate_filings+report2025+portland_contributions+orestar
2024,1,Deian Salazar,deian salazar,2024|1|deian salazar,1,True,candidate_filing_application,Original,Councilor District 1 (4-Year Term),Deian Salazar Page 2: Candidate Information,"American Indian or Alaskan Native (if selected, a text | your Tribe or Native Corporation, if desired)","American Indian or Alaskan Native (if selected, a text","[{""school"": ""David Douglas High School"", ""last_grade_completed"": ""Graduate"", ""credential"": ""Modified"", ""course_of_study"": """"}]",I have reviewed the above State campaign finance,,text_layer,False,Deian Salazar,canonical_source,True,Deian Salazar,exact_normalized_name,True,Deian Salazar,exact_normalized_name,True,Salazar,unique_token_containment,True,Qualified,"August 26, 2024",salazarforthepeople.com,Policy Advocate Community Organizer Candidate,"East Portland Action Plan Member Oregon Commission on Autism, Social Services Co-Chair Portland Children's Levy Community Council Governor's Child Foster Care Advisory Commission Participatory Budgeting Oregon","East Portland Action Plan Member Oregon Commission on Autism, Social Services Co-Chair Portland Children's Levy Community Council Governor's Child Foster Care Advisory Commission Participatory Budgeting Oregon Multnomah Democratic Party, District Leader HD 47, Youth Chair",I have reviewed the above campaign finance,False,4,4,True,candidate_filings+report2025+portland_contributions+orestar
2024,1,Doug Clove,doug clove,2024|1|doug clove,1,True,candidate_filing_application,Original,Councilor District 1 (4-Year Term),Doug Clove Page 2: Candidate Information,Prefer Not to Answer | Page 9: Candidate Information: Demographic Information,,"[{""school"": ""Portland State University"", ""last_grade_completed"": ""Graduated"", ""credential"": ""Bachelor of Science"", ""course_of_study"": ""Political Science & Social Science""}, {""school"": ""Mt Hood Community College"", ""last_grade_completed"": ""Graduated"", ""credential"": ""Associates Degree"", ""course_of_study"": ""Transfer Degree""}, {""school"": ""Franklin High School"", ""last_grade_completed"": ""12"", ""credential"": ""Diploma"", ""course_of_study"": """"}, {""school"": ""Our Lady of Sorrows"", ""last_grade_completed"": ""8"", ""credential"": ""Graduated"", ""course_of_study"": """"}]",I have reviewed the above State campaign finance,,text_layer,False,Doug Clove,canonical_source,True,Doug Clove,exact_normalized_name,True,Doug Clove,exact_normalized_name,True,,,False,Qualified,"June 26, 2024",,Water Service Inspector,2.5 years as an Assistant Business Systems Analyst working on Water Bureau Billing System,"VP for Finance, Associated Students of MHCC, Legislative Assistant, Representative Ron Adams",I have reviewed the above campaign finance,False,3,4,False,candidate_filings+report2025+portland_contributions
2024,1,Jamie Dunphy,jamie dunphy,2024|1|jamie dunphy,1,True,candidate_filing_application,Original,Councilor District 1 (4-Year Term),Jamie Dunphy Page 2: Candidate Information,White | Page 9: Candidate Information: Demographic Information,,"[{""school"": ""Portland State University"", ""last_grade_completed"": """", ""credential"": ""Bachelors of Science"", ""course_of_study"": ""Political Science""}, {""school"": ""Portland Community College"", ""last_grade_completed"": """", ""credential"": ""Associates of science, associates of art, associates of"", ""course_of_study"": """"}, {""school"": ""Grant High School"", ""last_grade_completed"": ""12th grade"", ""credential"": """", ""course_of_study"": """"}]",I have reviewed the above State campaign finance,,text_layer,False,Jamie Dunphy,canonical_source,True,Jamie Dunphy,exact_normalized_name,True,Jamie Dunphy,exact_normalized_name,True,,,False,Qualified,"June 5, 2024",www.jamiedunphy.com,"Oregon Government Relations Director, The American Cancer Society Cancer Action Network","Senior Policy Director, Portland City Commissioner Nick Fish Constituent Services Representative, US Senator Jeff Merkley Behavioral Assistant, David Douglas School District Board member, MusicPortland","Parkrose School Board Budget Committee. Community Representative, Community Police Relations Committee. Kelly Elementary PTA",I have reviewed the above campaign finance,False,3,4,False,candidate_filings+report2025+portland_contributions
2024,1,Joe Allen,joe allen,2024|1|joe allen,1,True,candidate_filing_application,Original,Councilor District 1 (4-Year Term),Joe Allen Page 2: Candidate Information,Prefer Not to Answer | Page 9: Candidate Information: Demographic Information,,"[{""school"": ""Rancho Santiago Community College"", ""last_grade_completed"": ""Sophomore"", ""credential"": ""n/a"", ""course_of_study"": """"}, {""school"": ""Fullerton Junior College"", ""last_grade_completed"": ""Sophomore"", ""credential"": ""n/a"", ""course_of_study"": """"}, {""school"": ""Florida College"", ""last_grade_completed"": ""Freshman"", ""credential"": ""n/a"", ""course_of_study"": """"}]",I have reviewed the above State campaign finance,,text_layer,False,Joe Allen,canonical_source,True,Joe Allen,exact_normalized_name,True,,,False,,,False,Qualified,"August 27, 2024",joeallenforportland.com,Woodworker,Woodworker,,I have reviewed the above campaign finance,False,2,4,False,candidate_filings+report2025
2024,1,Joe Furi,joe furi,2024|1|joe furi,1,True,candidate_filing_application,Original,Councilor District 1 (4-Year Term),Joe Furi Page 2: Candidate Information,White | Page 9: Candidate Information: Demographic Information,,"[{""school"": ""S.U.N.Y. Binghamton"", ""last_grade_completed"": ""16"", ""credential"": ""B.S. in Business Administration"", ""course_of_study"": ""Leadership Studies""}]",I have reviewed the above State campaign finance,,text_layer,False,Joe Furi,canonical_source,True,Joe Furi,exact_normalized_name,True,Joe Furi,exact_normalized_name,True,Furi,unique_token_containment,True,Qualified,"August 12, 2024",joefuriforportland.com,Property Management Recruiter,Career Development Specialist - The Doe Fund,,I have reviewed the above campaign finance,False,4,4,True,candidate_filings+report2025+portland_contributions+orestar
2024,1,Loretta Smith,loretta smith,2024|1|loretta smith,1,True,candidate_filing_application,Original,Councilor District 1 (4-Year Term),Loretta Smith Page 2: Candidate Information,Black or African American | Page 9: Candidate Information: Demographic Information,,"[{""school"": ""Oregon State University"", ""last_grade_completed"": ""Senior year"", ""credential"": ""BA"", ""course_of_study"": ""Communications""}]",I have reviewed the above State campaign finance,,text_layer,False,Loretta Smith,canonical_source,True,Loretta Smith,exact_normalized_name,True,Loretta Smith,exact_normalized_name,True,Smith,unique_token_containment,True,Qualified,"August 26, 2024",www.lorettasmithpdx.com/,"Small Business Owner, Government and Public Affairs Consulting Firm",Advocacy Manager; Field Representative for US Senator Ron Wyden,Elected in 2010 & 2014 as a Multnomah County Commissioner (2011-2018) served,I have reviewed the above campaign finance,False,4,4,True,candidate_filings+report2025+portland_contributions+orestar
2024,1,Michael (Mike) Sands,michael mike sands,2024|1|michael mike sands,1,True,candidate_filing_application,Original,Councilor District 1 (4-Year Term),Michael (Mike) Sands Page 2: Candidate Information,White | Page 9: Candidate Information: Demographic Information,,"[{""school"": ""U. of Arizona"", ""last_grade_completed"": ""Senior"", ""credential"": ""B.S.B.A."", ""course_of_study"": ""Accounting""}, {""school"": ""Stanford Law School"", ""last_grade_completed"": """", ""credential"": ""LL.B."", ""course_of_study"": ""Law""}]",I have reviewed the above State campaign finance,,text_layer,False,Michael (Mike) Sands,canonical_source,True,Michael (Mike) Sands,exact_normalized_name,True,,,False,,,False,Qualified,"June 10, 2024",,Not Employed; Retired,Trial Attorney Law Professor Superior Court Judge Pro Tem,"Sacramento City Council Sacramento County Assistant Public Defender Sacramento County Democratic Central Committee Ford Foundation Legislative Intern, California Assembly",I have reviewed the above campaign finance,False,2,4,False,candidate_filings+report2025
2024,1,Noah Ernst,noah ernst,2024|1|noah ernst,1,True,candidate_filing_application,Original,Councilor District 1 (4-Year Term),Noah Ernst Page 2: Candidate Information,White | Page 9: Candidate Information: Demographic Information,,"[{""school"": ""University of Oregon School of Law"", ""last_grade_completed"": ""Graduated"", ""credential"": ""Juris Doctorate"", ""course_of_study"": ""Law""}, {""school"": ""Central Washington University"", ""last_grade_completed"": """", ""credential"": ""BA - Art BA - Philosophy"", ""course_of_study"": """"}]",I have reviewed the above State campaign finance,,text_layer,False,Noah Ernst,canonical_source,True,Noah Ernst,exact_normalized_name,True,Noah Ernst,exact_normalized_name,True,Ernst,unique_token_containment,True,Qualified,"July 16, 2024",noahernst4portlan.com,Superintendent - In-House Council Radio Cab Co.,Attorney,,I have reviewed the above campaign finance,False,4,4,True,candidate_filings+report2025+portland_contributions+orestar
2024,1,Peggy Sue Owens,peggy sue owens,2024|1|peggy sue owens,2,True,candidate_filing_application,Amendment,Councilor District 1 (4-Year Term),PEGGY SUE OWENS Page 2: Candidate Information,"American Indian or Alaskan Native (if selected, a text | your Tribe or Native Corporation, if desired)","American Indian or Alaskan Native (if selected, a text","[{""school"": ""Bandon High School"", ""last_grade_completed"": ""11"", ""credential"": ""diploma"", ""course_of_study"": ""general""}, {""school"": ""SouthWestern Oregon Community College"", ""last_grade_completed"": ""13"", ""credential"": ""na"", ""course_of_study"": """"}, {""school"": ""Portland State University"", ""last_grade_completed"": ""14"", ""credential"": ""NA"", ""course_of_study"": """"}]",I have reviewed the above State campaign finance,,text_layer,False,Peggy Sue Owens,canonical_source,True,Peggy Sue Owens,exact_normalized_name,True,,,False,,,False,Qualified,"June 13, 2024",commonsensecampaignpdx.com,President Don's A-1 Glass,Administration,none,I have reviewed the above campaign finance,False,2,4,False,candidate_filings+report2025
2024,1,Steph Routh,steph routh,2024|1|steph routh,1,True,unrecognized_or_scanned,,,,,,,,,ocr_fallback,False,Steph Routh,canonical_source,True,Steph Routh,exact_normalized_name,True,Steph Routh,exact_normalized_name,True,Routh,unique_token_containment,True,Qualified,"June 18, 2024",,,,,,True,4,4,True,candidate_filings+report2025+portland_contributions+orestar
2024,1,Terrence Hayes,terrence hayes,2024|1|terrence hayes,1,True,unrecognized_or_scanned,,,,,,,,,ocr_fallback,False,Terrence Hayes,canonical_source,True,Terrence Hayes,exact_normalized_name,True,Terrence Hayes,exact_normalized_name,True,Hayes,unique_token_containment,True,Qualified,"July 19, 2024",,,,,,True,4,4,True,candidate_filings+report2025+portland_contributions+orestar
2024,1,Thomas Shervey,thomas shervey,2024|1|thomas shervey,1,True,candidate_filing_application,Original,Councilor District 1 (4-Year Term),Thomas Shervey Page 2: Candidate Information,White | Page 9: Candidate Information: Demographic Information,,"[{""school"": ""Portland State University"", ""last_grade_completed"": """", ""credential"": ""Bachelor's Degree"", ""course_of_study"": ""Social Science""}, {""school"": ""James Madison Highschool"", ""last_grade_completed"": ""12th"", ""credential"": ""Highschool Diploma"", ""course_of_study"": """"}]",I have reviewed the above State campaign finance,,text_layer,False,Thomas Shervey,canonical_source,True,Thomas Shervey,exact_normalized_name,True,Thomas Shervey,exact_normalized_name,True,Shervey,unique_token_containment,True,Qualified,"July 25, 2024",https://www.tiktok.com/@thomas4district1?_t=8oJtYOVRgQJ&_r=1,"Office Assistant, Multnomah County Department of Community Justice","Section Head, Fred Meyer",,I have reviewed the above campaign finance,False,4,4,True,candidate_filings+report2025+portland_contributions+orestar
2024,1,Timur Ender,timur ender,2024|1|timur ender,1,True,candidate_filing_application,Original,Councilor District 1 (4-Year Term),Timur Ender Page 2: Candidate Information,Middle Eastern or Northern African | Page 9: Candidate Information: Demographic Information,,"[{""school"": ""North Carolina State University"", ""last_grade_completed"": ""Undergraduate"", ""credential"": ""Bachelor of Arts"", ""course_of_study"": ""Criminology""}, {""school"": ""Lewis & Clark Law School"", ""last_grade_completed"": """", ""credential"": ""Juris Doctor"", ""course_of_study"": ""Law""}, {""school"": ""Broughton High School"", ""last_grade_completed"": ""12th"", ""credential"": ""high school"", ""course_of_study"": """"}]",I have reviewed the above State campaign finance,,text_layer,False,Timur Ender,canonical_source,True,Timur Ender,exact_normalized_name,True,Timur Ender,exact_normalized_name,True,Ender,unique_token_containment,True,Qualified,"June 7, 2024",www.ender4eastportland.com,Not Employed,Infrastructure Project Manager,"City of Portland, Policy Advisor (2015-16) Municipal Infrastructure Project Manager (2017-21) Multnomah County Public Health Advisory Board (2019-21) Multnomah County Charter Review Committee (2021-22)",I have reviewed the above campaign finance,False,4,4,True,candidate_filings+report2025+portland_contributions+orestar
2024,2,Antonio Jamal PettyJohnBlue,antonio jamal pettyjohnblue,2024|2|antonio jamal pettyjohnblue,1,True,unrecognized_or_scanned,,,,,,,,,ocr_fallback,False,Antonio Jamal PettyJohnBlue,canonical_source,True,Antonio Jamal PettyJohnBlue,exact_normalized_name,True,,,False,,,False,Qualified,"August 26, 2024",,,,,,True,2,4,False,candidate_filings+report2025
2024,2,Bob Simril,bob simril,2024|2|bob simril,1,True,candidate_filing_application,Original,Councilor District 2 (4-Year Term),Bob Simril Page 2: Candidate Information,Black or African American | Page 9: Candidate Information: Demographic Information,,"[{""school"": ""Lewis and Clark College"", ""last_grade_completed"": ""College"", ""credential"": ""BA, Communications | Spanish Minor"", ""course_of_study"": """"}, {""school"": ""Grant High School"", ""last_grade_completed"": ""12"", ""credential"": ""Diploma"", ""course_of_study"": """"}]",I have reviewed the above State campaign finance,,text_layer,False,Bob Simril,canonical_source,True,Bob Simril,exact_normalized_name,True,Bob Simril,exact_normalized_name,True,Simril,unique_token_containment,True,Qualified,"June 10, 2024",www.votebobpdx.com,Small Business Consultant,"Account Director, Payscale.com",,I have reviewed the above campaign finance,False,4,4,True,candidate_filings+report2025+portland_contributions+orestar
2024,2,Chris Olson,chris olson,2024|2|chris olson,1,True,unrecognized_or_scanned,,,,,,,,,text_layer,False,Chris Olson,canonical_source,True,Chris Olson,exact_normalized_name,True,Christopher Olson,human_review_match,True,Olson,unique_token_containment,True,Qualified,"June 18, 2024",,,,,,True,4,4,True,candidate_filings+report2025+portland_contributions+orestar
2024,2,Dan Ryan,dan ryan,2024|2|dan ryan,1,True,candidate_filing_application,Original,Councilor District 2 (4-Year Term),Dan Ryan Page 2: Candidate Information,White | Page 9: Candidate Information: Demographic Information,,"[{""school"": ""University of Oregon"", ""last_grade_completed"": ""Bachelor Degree"", ""credential"": ""Degree"", ""course_of_study"": """"}, {""school"": ""Roosevelt High School"", ""last_grade_completed"": """", ""credential"": ""Diploma"", ""course_of_study"": """"}]",I have reviewed the above State campaign finance,,text_layer,False,Dan Ryan,canonical_source,True,Dan Ryan,exact_normalized_name,True,Dan Ryan,exact_normalized_name,True,,,False,Qualified,"June 20, 2024",www.danryanforportland.com,Portland City Commissioner,"CEO, All Hands Raised, 30 Years of Leadership in non-profits, arts, healthcare and youth advocacy",Currently serving as Portland City Commissioner,I have reviewed the above campaign finance,False,3,4,False,candidate_filings+report2025+portland_contributions
2024,2,Debbie Kitchin,debbie kitchin,2024|2|debbie kitchin,1,True,candidate_filing_application,Original,Councilor District 2 (4-Year Term),Debbie Kitchin Page 2: Candidate Information,White | Page 9: Candidate Information: Demographic Information,,"[{""school"": ""Portland State University"", ""last_grade_completed"": ""Master's"", ""credential"": ""Master's of Business Administration"", ""course_of_study"": """"}, {""school"": ""Reed College"", ""last_grade_completed"": ""Bachelor's"", ""credential"": ""Bachelor of Arts"", ""course_of_study"": ""Economics""}]",I have reviewed the above State campaign finance,,text_layer,False,Debbie Kitchin,canonical_source,True,Debbie Kitchin,exact_normalized_name,True,Debbie Kitchin,exact_normalized_name,True,Kitchin,unique_token_containment,True,Qualified,"August 22, 2024",https://electdebbiekitchin.com,Small business owner,Regional economist,City of Portland Charter Commission,I have reviewed the above campaign finance,False,4,4,True,candidate_filings+report2025+portland_contributions+orestar
2024,2,Devon Horace,devon horace,2024|2|devon horace,1,True,candidate_filing_application,Original,Councilor District 2 (4-Year Term),Devon Horace Page 2: Candidate Information,Black or African American | 3 / 8,,"[{""school"": ""Concordia University - Portland"", ""last_grade_completed"": """", ""credential"": ""Master’s Degree"", ""course_of_study"": ""MBA - Leadership and Management""}]",I have reviewed the above State campaign finance,,text_layer,False,Devon Horace,canonical_source,True,,,False,,,False,,,False,Qualification Rescinded,"August 19, 2024",,Investor,"Portland Seed Fund Portland Trail Blazers Nike, Inc.",,I have reviewed the above campaign finance,False,1,4,False,candidate_filings
2024,2,Elana Pirtle-Guiney,elana pirtle guiney,2024|2|elana pirtle guiney,1,True,unrecognized_or_scanned,,,,,,,,,ocr_fallback,False,Elana Pirtle-Guiney,canonical_source,True,Elana Pirtle-Guiney,exact_normalized_name,True,Elana Pirtle-Guiney,exact_normalized_name,True,Pirtle,unique_token_containment,True,Qualified,"June 5, 2024",,,,,,True,4,4,True,candidate_filings+report2025+portland_contributions+orestar
2024,2,James Armstrong,james armstrong,2024|2|james armstrong,1,True,candidate_filing_application,Original,Councilor District 2 (4-Year Term),James Armstrong Page 2: Candidate Information,White | Page 9: Candidate Information: Demographic Information,,"[{""school"": ""University of Oregon"", ""last_grade_completed"": ""Completed"", ""credential"": ""Bachelor of Science"", ""course_of_study"": ""Economics""}, {""school"": ""Marylhurst University"", ""last_grade_completed"": ""Completed"", ""credential"": ""Masters of Business Administration"", ""course_of_study"": """"}]",I have reviewed the above State campaign finance,,text_layer,False,James Armstrong,canonical_source,True,James Armstrong,exact_normalized_name,True,James Armstrong,exact_normalized_name,True,Armstrong,unique_token_containment,True,Qualified,"July 24, 2024",www.armstrongforpdx.com,Optometry clinic owner,Forensic accountant,,I have reviewed the above campaign finance,False,4,4,True,candidate_filings+report2025+portland_contributions+orestar
2024,2,Jennifer Park,jennifer park,2024|2|jennifer park,1,True,candidate_filing_application,Original,Councilor District 2 (4-Year Term),Jennifer Park Page 2: Candidate Information,White | Page 9: Candidate Information: Demographic Information,,"[{""school"": ""Portland State University"", ""last_grade_completed"": ""In Process"", ""credential"": ""Executive Masters in Public Administration"", ""course_of_study"": """"}, {""school"": ""University of California, Santa Cruz"", ""last_grade_completed"": """", ""credential"": ""Bachelor of Arts"", ""course_of_study"": """"}]",I have reviewed the above State campaign finance,,text_layer,False,Jennifer Park,canonical_source,True,Jennifer Park,exact_normalized_name,True,Jennifer Park,exact_normalized_name,True,Park,unique_token_containment,True,Qualified,"June 20, 2024",persistwithpark.com,"Programs Director, The Shadow Project","Principal's Secretary, Portland Public Schools, PFSP 111 Newsroom Intern, Metro Community Builder, Delivering Innovation in Supportive Housing General Manager, Windsor Hotel, Delivering Innovation in Supportive Housing Operations Manager, Delivering Innovation in Supportive Housing",,I have reviewed the above campaign finance,False,4,4,True,candidate_filings+report2025+portland_contributions+orestar
2024,2,Jonathan Tasini,jonathan tasini,2024|2|jonathan tasini,1,True,candidate_filing_application,Original,Councilor District 2 (4-Year Term),Jonathan Tasini Page 2: Candidate Information,White | Page 9: Candidate Information: Demographic Information,,"[{""school"": ""UCLA"", ""last_grade_completed"": ""Graduated"", ""credential"": ""B.A."", ""course_of_study"": ""Political Science""}]",I have reviewed the above State campaign finance,,text_layer,False,Jonathan Tasini,canonical_source,True,Jonathan Tasini,exact_normalized_name,True,Jonathan Tasini,exact_normalized_name,True,Tasini,unique_token_containment,True,Qualified,"June 20, 2024",https://www.jonathantasini.com/,"Executive Director/Founder, Just Transition For All","President, Economic Future Group President, UAW Local 1981 National Campaigns and Communications Officer, Maritime Union of Australia Organizational and Communications Strategist for Various Unions",,I have reviewed the above campaign finance,False,4,4,True,candidate_filings+report2025+portland_contributions+orestar
2024,2,Laura Streib,laura streib,2024|2|laura streib,1,True,unrecognized_or_scanned,,,,,,,,,ocr_fallback,False,Laura Streib,canonical_source,True,Laura Streib,exact_normalized_name,True,Laura Streib,exact_normalized_name,True,Streib,unique_token_containment,True,Qualified,"August 14, 2024",,,,,,True,4,4,True,candidate_filings+report2025+portland_contributions+orestar
2024,2,Liz Taylor,liz taylor,2024|2|liz taylor,1,True,candidate_filing_application,Original,Councilor District 2 (4-Year Term),Liz Taylor Page 2: Candidate Information,Black or African American | Page 9: Candidate Information: Demographic Information,,"[{""school"": ""U S Grant High School"", ""last_grade_completed"": ""12th"", ""credential"": ""High School Diploma"", ""course_of_study"": ""General Studies""}, {""school"": ""Portland State University"", ""last_grade_completed"": ""na"", ""credential"": ""BS, Certificate"", ""course_of_study"": ""Political Science, Black & African Studies""}]",I have reviewed the above State campaign finance,,text_layer,False,Liz Taylor,canonical_source,True,Liz Taylor,exact_normalized_name,True,,,False,,,False,Qualified,"June 20, 2024",,Not Employed (Retired),"Corporate Sales, Management, Business Application, Trainer Call Center Manager and Display Advertising.","Governor's Task Force: Diversity Equity & Inclusion, Elected Democratic Precinct committee Person, 2 Legislative Sessions with Senator Bill McCoy",I have reviewed the above campaign finance,False,2,4,False,candidate_filings+report2025
2024,2,Mariah Hudson,mariah hudson,2024|2|mariah hudson,1,True,candidate_filing_application,Original,Councilor District 2 (4-Year Term),Mariah Hudson Page 2: Candidate Information,White | Page 9: Candidate Information: Demographic Information,,"[{""school"": ""Churchill High School"", ""last_grade_completed"": ""12"", ""credential"": ""High School"", ""course_of_study"": """"}, {""school"": ""University of Oregon"", ""last_grade_completed"": ""BA"", ""credential"": ""BA"", ""course_of_study"": ""English""}, {""school"": ""University of Dallas"", ""last_grade_completed"": ""MA"", ""credential"": ""Master of American Studies"", ""course_of_study"": ""Economics""}]",I have reviewed the above State campaign finance,,text_layer,False,Mariah Hudson,canonical_source,True,Mariah Hudson,exact_normalized_name,True,Mariah Hudson,exact_normalized_name,True,Hudson,unique_token_containment,True,Qualified,"June 10, 2024",https://www.mariahforportland.com,"Senior Healthcare Communicator, Oregon Health Science University","Two decades in senior roles as a Sustainability Officer and Higher Education Administrator advancing climate action goals and student success initiatives, and building public/ private partnerships. College instructor.","Chair, Portland Bureau of Transportation Bureau and Budget Advisory Committee (2023-24), Co-chair, Portland Public Schools Budget Advisory Committee (2022-24), former Chair and Board Member Northeast Coalition of Neighborhoods (2016-2021), Alameda Neighborhood Association Board Member (2015-2022), PPS Family Advisory Council on Education Representative for Beaumont (2023-24), PTA Board Member (2022-24), Democratic Precinct Committee Person.",I have reviewed the above campaign finance,False,4,4,True,candidate_filings+report2025+portland_contributions+orestar
2024,2,Marnie Glickman,marnie glickman,2024|2|marnie glickman,1,True,unrecognized_or_scanned,,,,,,,,,ocr_fallback,False,Marnie Glickman,canonical_source,True,Marnie Glickman,exact_normalized_name,True,Marnie Glickman,exact_normalized_name,True,Glickman,unique_token_containment,True,Qualified,"August 13, 2024",,,,,,True,4,4,True,candidate_filings+report2025+portland_contributions+orestar
2024,2,Michael (Mike) Marshall,michael mike marshall,2024|2|michael mike marshall,2,True,candidate_filing_application,Amendment,Councilor District 2 (4-Year Term),Michael (Mike) Marshall Page 2: Candidate Information,White | Page 9: Candidate Information: Demographic Information,,"[{""school"": ""University of California, San Diego"", ""last_grade_completed"": ""Graduated"", ""credential"": ""Bachelor of Arts"", ""course_of_study"": ""Political Science & History""}]",I have reviewed the above State campaign finance,,text_layer,False,Michael (Mike) Marshall,canonical_source,True,Michael (Mike) Marshall,exact_normalized_name,True,Mike Marshall,unique_token_containment,True,Marshall,unique_token_containment,True,Qualified,"August 5, 2024",www.MikeMarshallForPortland.com,"Co-Founder & Executive Director, Oregon Recovers","Executive Director, City Club of Portland Campaign Manager, Oregon United for Marriage","Member, Behavioral Health Metrics and Incentives Committee, Oregon Health Authority Member, Multnomah County Specialty Courts Advisory Committee",I have reviewed the above campaign finance,False,4,4,True,candidate_filings+report2025+portland_contributions+orestar
2024,2,Michelle DePass,michelle depass,2024|2|michelle depass,1,True,candidate_filing_application,Original,Councilor District 2 (4-Year Term),Michelle DePass Page 2: Candidate Information,"Black or African American | Hispanic, Latino, Latina, or Latinx",,"[{""school"": ""Metropolitan Learning Center"", ""last_grade_completed"": ""12"", ""credential"": ""High School"", ""course_of_study"": """"}, {""school"": ""Portland Community College"", ""last_grade_completed"": ""-"", ""credential"": ""-"", ""course_of_study"": ""Prerequisites/xfer to PSU""}, {""school"": ""Portland State University"", ""last_grade_completed"": ""-"", ""credential"": ""BS"", ""course_of_study"": ""Community Development""}, {""school"": ""Bainbridge Graduate Institute"", ""last_grade_completed"": ""-"", ""credential"": ""-"", ""course_of_study"": ""Sustainable Business""}]",I have reviewed the above State campaign finance,,text_layer,False,Michelle DePass,canonical_source,True,Michelle DePass,exact_normalized_name,True,Michelle DePass,exact_normalized_name,True,DePass,unique_token_containment,True,Qualified,"August 26, 2024",https://depassforportland.com/,"Climate Policy Team, City of Portland Bureau of Planning and Sustainability","Senior Management Analyst, Community Engagement and Policy Coordinator, City of Portland Housing, Senior Analyst, Minority, Women, Emerging Small Business, Metro Regional Government, Senior Energy Analyst, The Cadmus Group","Current Vice Chair/Former Chair of Portland Public Schools Board of Education, Budget Advisory Committees for Housing and Planning and Sustainability, Former Director Irvington Neighborhood Association",I have reviewed the above campaign finance,False,4,4,True,candidate_filings+report2025+portland_contributions+orestar
2024,2,Nabil Zaghloul,nabil zaghloul,2024|2|nabil zaghloul,1,True,unrecognized_or_scanned,,,,,,,,,text_layer,False,Nabil Zaghloul,canonical_source,True,Nabil Zaghloul,exact_normalized_name,True,Nabil Zaghloul,exact_normalized_name,True,Zaghloul,unique_token_containment,True,Qualified,"August 16, 2024",,,,,,True,4,4,True,candidate_filings+report2025+portland_contributions+orestar
2024,2,Nat West,nat west,2024|2|nat west,2,True,unrecognized_or_scanned,,,,,,,,,ocr_fallback,False,Nat West,canonical_source,True,Nat West,exact_normalized_name,True,Nat West,exact_normalized_name,True,West,unique_token_containment,True,Qualified,"July 31, 2024",,,,,,True,4,4,True,candidate_filings+report2025+portland_contributions+orestar
2024,2,Reuben Berlin,reuben berlin,2024|2|reuben berlin,1,True,candidate_filing_application,Original,Councilor District 2 (4-Year Term),Reuben Berlin Page 2: Candidate Information,White | Page 9: Candidate Information: Demographic Information,,"[{""school"": ""University of Oregon"", ""last_grade_completed"": """", ""credential"": ""Bachelor of Science"", ""course_of_study"": ""Political Science""}]",I have reviewed the above State campaign finance,,text_layer,False,Reuben Berlin,canonical_source,True,Reuben Berlin,exact_normalized_name,True,Reuben Berlin,exact_normalized_name,True,Berlin,unique_token_containment,True,Qualified,"August 23, 2024",www.reubenberlin.com,Organic Commodities Trader,Banker,,I have reviewed the above campaign finance,False,4,4,True,candidate_filings+report2025+portland_contributions+orestar
2024,2,Sam Sachs,sam sachs,2024|2|sam sachs,2,True,unrecognized_or_scanned,,,,,,,,,ocr_fallback,False,Sam Sachs,canonical_source,True,Sam Sachs,exact_normalized_name,True,Sam Sachs,exact_normalized_name,True,Sachs,unique_token_containment,True,Qualified,"August 6, 2024",,,,,,True,4,4,True,candidate_filings+report2025+portland_contributions+orestar
2024,2,Sameer Kanal,sameer kanal,2024|2|sameer kanal,1,True,candidate_filing_application,Original,Councilor District 2 (4-Year Term),Sameer Kanal Page 2: Candidate Information,Asian or Asian American | Page 9: Candidate Information: Demographic Information,,"[{""school"": ""Clark College"", ""last_grade_completed"": """", ""credential"": ""A.A."", ""course_of_study"": ""International Relations, Economics""}, {""school"": ""University of Washington"", ""last_grade_completed"": """", ""credential"": ""B.A."", ""course_of_study"": ""Political Science, Economics""}, {""school"": ""New York University"", ""last_grade_completed"": """", ""credential"": ""M.S."", ""course_of_study"": ""Global Affairs (Human Rights and International Law)""}]",I have reviewed the above State campaign finance,,text_layer,False,Sameer Kanal,canonical_source,True,Sameer Kanal,exact_normalized_name,True,Sameer Kanal,exact_normalized_name,True,Kanal,unique_token_containment,True,Qualified,"August 27, 2024",www.kanalforportland.com,"Inclusive Policy Manager, Public Safety Service Area, City of Portland","Advisory Boards and Commissions Manager, Community Safety Division, City of Portland Police Accountability Commission Project Manager, Community Safety Division, City of Portland Executive Director / Program Director, Northwest Association for Global Affairs Regional Political Director - DFW, Texas American Federation of Teachers (AFT) Writer and Reporter, Reaching Critical Will, Women's International League for Peace and Freedom Research Associate, Lawyers Committee on Nuclear Policy Project Associate, Mapping the Arms Trade Treaty, Oxfam International Logistics Consultant, Criminalization of Sexuality and Reproduction Project, Amnesty International Legislative Coordinator, Office of Government Relations, Associated Students of the University of Washington","Member, Portland Parks & Recreation Board Advisory Boards and Commissions Manager, Community Safety Division, City of Portland Police Accountability Commission Project Manager, Community Safety Division, City of Portland Accessible Voting Unit Operator, King County Elections",I have reviewed the above campaign finance,False,4,4,True,candidate_filings+report2025+portland_contributions+orestar
2024,2,Tiffani Penson,tiffani penson,2024|2|tiffani penson,1,True,unrecognized_or_scanned,,,,,,,,,ocr_fallback,False,Tiffani Penson,canonical_source,True,Tiffani Penson,exact_normalized_name,True,Tiffani Penson,exact_normalized_name,True,Penson,unique_token_containment,True,Qualified,"June 5, 2024",,,,,,True,4,4,True,candidate_filings+report2025+portland_contributions+orestar
2024,2,Will Mespelt,will mespelt,2024|2|will mespelt,1,True,candidate_filing_application,Original,Councilor District 2 (4-Year Term),Will Mespelt Page 2: Candidate Information,White | Page 9: Candidate Information: Demographic Information,,"[{""school"": ""North Carolina State University"", ""last_grade_completed"": ""Graduate"", ""credential"": ""Diploma"", ""course_of_study"": ""Public and Interpersonal Communication""}]",I have reviewed the above State campaign finance,,text_layer,False,Will Mespelt,canonical_source,True,Will Mespelt,exact_normalized_name,True,William Mespelt,human_review_match,True,Mespelt,unique_token_containment,True,Qualified,"August 22, 2024",portlandwithwill.com,Property Manager,Property Manager,,I have reviewed the above campaign finance,False,4,4,True,candidate_filings+report2025+portland_contributions+orestar
2024,3,Ahlam K Osman,ahlam k osman,2024|3|ahlam k osman,1,True,candidate_filing_application,Original,Councilor District 3 (2-Year Term),Ahlam K Osman Page 2: Candidate Information,Black or African American | Page 9: Candidate Information: Demographic Information,,"[{""school"": ""Portland State University"", ""last_grade_completed"": ""Senior"", ""credential"": """", ""course_of_study"": ""B.A Community Development""}]",I have reviewed the above State campaign finance,,text_layer,False,Ahlam K Osman,canonical_source,True,Ahlam K Osman,exact_normalized_name,True,Ahlam Osman,unique_token_containment,True,Osman,unique_token_containment,True,Qualified,"August 27, 2024",https://ahlam4pdx.com/,Employed,Former AYCO employee.,Multnomah Youth Commission,I have reviewed the above campaign finance,False,4,4,True,candidate_filings+report2025+portland_contributions+orestar
2024,3,Angelita Morillo,angelita morillo,2024|3|angelita morillo,1,True,unrecognized_or_scanned,,,,,,,,,ocr_fallback,False,Angelita Morillo,canonical_source,True,Angelita Morillo,exact_normalized_name,True,Angelita Morillo,exact_normalized_name,True,Morillo,unique_token_containment,True,Qualified,"July 3, 2024",,,,,,True,4,4,True,candidate_filings+report2025+portland_contributions+orestar
2024,3,Brian Conley,brian conley,2024|3|brian conley,1,True,unrecognized_or_scanned,,,,,,,,,ocr_fallback,False,Brian Conley,canonical_source,True,Brian Conley,exact_normalized_name,True,,,False,Conley,unique_token_containment,True,Qualified,"August 5, 2024",,,,,,True,3,4,False,candidate_filings+report2025+orestar
2024,3,Chris Flanary,chris flanary,2024|3|chris flanary,1,True,candidate_filing_application,Original,Councilor District 3 (2-Year Term),(Chris) Flanary Page 2: Candidate Information,White | Page 9: Candidate Information: Demographic Information,,"[{""school"": ""College of Charleston"", ""last_grade_completed"": ""Fourth year of four year program"", ""credential"": ""Bachelor of Science"", ""course_of_study"": ""Sociology with a minor in Women's and Gender Studies""}, {""school"": ""Clemson University"", ""last_grade_completed"": ""Third semester of four semester program"", ""credential"": ""incomplete"", ""course_of_study"": ""Applied Sociology""}]",I have reviewed the above State campaign finance,,text_layer,False,Chris Flanary,canonical_source,True,Chris Flanary,exact_normalized_name,True,Chris Flanary,exact_normalized_name,True,Flanary,unique_token_containment,True,Qualified,"August 8, 2024",www.chrisforportland.com,Housing Program Specialist with City of Portland,"Project Coordinator (affordable housing nonprofit), AmeriCorps VISTA",,I have reviewed the above campaign finance,False,4,4,True,candidate_filings+report2025+portland_contributions+orestar
2024,3,Christopher Brummer,christopher brummer,2024|3|christopher brummer,1,True,candidate_filing_application,Original,Councilor District 3 (2-Year Term),Christopher Brummer Page 2: Candidate Information,White | 3 / 8,,"[{""school"": ""Portland Public Schools"", ""last_grade_completed"": ""K-12"", ""credential"": ""Diploma"", ""course_of_study"": """"}, {""school"": ""Portland State University"", ""last_grade_completed"": """", ""credential"": ""Bachelor of Arts"", ""course_of_study"": """"}]",I have reviewed the above State campaign finance,,text_layer,False,Christopher Brummer,canonical_source,True,Christopher Brummer,exact_normalized_name,True,,,False,,,False,Qualified,"August 22, 2024",,Member of the proletariat.,Member of the proletariat.,Subject to it.,I have reviewed the above campaign finance,False,2,4,False,candidate_filings+report2025
2024,3,Clifford Higgins,clifford higgins,2024|3|clifford higgins,1,True,candidate_filing_application,Original,Councilor District 3 (2-Year Term),Clifford Higgins Page 2: Candidate Information,"American Indian or Alaskan Native (if selected, a text | your Tribe or Native Corporation, if desired)","American Indian or Alaskan Native (if selected, a text","[{""school"": ""Lewis & Clark Law School"", ""last_grade_completed"": ""Graduated"", ""credential"": ""Juris Doctor"", ""course_of_study"": ""Law""}, {""school"": ""Portland State University"", ""last_grade_completed"": ""Graduated"", ""credential"": ""Bachelors"", ""course_of_study"": ""English, Anthropology""}]",I have reviewed the above State campaign finance,,text_layer,False,Clifford Higgins,canonical_source,True,Clifford Higgins,exact_normalized_name,True,,,False,,,False,Qualified,"August 27, 2024",,Not Employed,Communications Manager for Metro,,I have reviewed the above campaign finance,False,2,4,False,candidate_filings+report2025
2024,3,Cristal Azul Otero,cristal azul otero,2024|3|cristal azul otero,1,True,unrecognized_or_scanned,,,,,,,,,ocr_fallback,False,Cristal Azul Otero,canonical_source,True,Cristal Azul Otero,exact_normalized_name,True,,,False,,,False,Qualified,"August 27, 2024",,,,,,True,2,4,False,candidate_filings+report2025
2024,3,Dan Gilk,dan gilk,2024|3|dan gilk,1,True,candidate_filing_application,Original,Councilor District 3 (2-Year Term),Dan Gilk Page 2: Candidate Information,White | Page 9: Candidate Information: Demographic Information,,"[{""school"": ""Northwestern University"", ""last_grade_completed"": ""4-year university"", ""credential"": ""Bachelors of Science"", ""course_of_study"": ""Computer Engineering""}]",I have reviewed the above State campaign finance,,text_layer,False,Dan Gilk,canonical_source,True,Dan Gilk,exact_normalized_name,True,Dan Gilk,exact_normalized_name,True,,,False,Qualified,"August 19, 2024",danforportland.com,Not Employed,Software Engineer,,I have reviewed the above campaign finance,False,3,4,False,candidate_filings+report2025+portland_contributions
2024,3,Daniel DeMelo,daniel demelo,2024|3|daniel demelo,1,True,unrecognized_or_scanned,,,,,,,,,ocr_fallback,False,Daniel DeMelo,canonical_source,True,Daniel DeMelo,exact_normalized_name,True,,,False,DeMelo,unique_token_containment,True,Qualified,"July 5, 2024",,,,,,True,3,4,False,candidate_filings+report2025+orestar
2024,3,David O'Connor,david o connor,2024|3|david o connor,1,True,candidate_filing_application,Original,Councilor District 3 (2-Year Term),David O'Connor Page 2: Candidate Information,White | 3 / 8,,"[{""school"": ""University of Wisconsin - Stout"", ""last_grade_completed"": ""5 years"", ""credential"": ""Not Graduated"", ""course_of_study"": ""Hotel Restaurant and Toursim Managment""}]",I have reviewed the above State campaign finance,,text_layer,False,David O'Connor,canonical_source,True,David O'Connor,exact_normalized_name,True,,,False,,,False,Qualified,"June 24, 2024",,Assistant General Manager of Hotel deLuxe,Housekeeping Manager at Multnomah Athletic Club. Director of Housekeeping at the Hotel Vintage,,I have reviewed the above campaign finance,False,2,4,False,candidate_filings+report2025
2024,3,Harrison Kass,harrison kass,2024|3|harrison kass,1,True,candidate_filing_application,Original,Councilor District 3 (2-Year Term),Harrison Kass Page 2: Candidate Information,Prefer Not to Answer | Page 9: Candidate Information: Demographic Information,,"[{""school"": ""New York University"", ""last_grade_completed"": ""MA"", ""credential"": ""MA"", ""course_of_study"": ""International Relations and Global Journalism""}, {""school"": ""University of Oregon School of Law"", ""last_grade_completed"": ""JD"", ""credential"": ""JD"", ""course_of_study"": ""Jurisprudence""}, {""school"": ""Lake Forest College"", ""last_grade_completed"": ""BA"", ""credential"": ""BA"", ""course_of_study"": ""History Major, Cinema Studies Minor""}, {""school"": ""Newtown High School"", ""last_grade_completed"": ""12"", ""credential"": ""HS"", ""course_of_study"": """"}]",I have reviewed the above State campaign finance,,text_layer,False,Harrison Kass,canonical_source,True,Harrison Kass,exact_normalized_name,True,Harrison Kass,exact_normalized_name,True,Kass,unique_token_containment,True,Qualified,"August 27, 2024",kassforpdx.com,Policy Advisor - Office of Commissioner Rene Gonzalez,Government; Attorney; Journalist; Misc.,,I have reviewed the above campaign finance,False,4,4,True,candidate_filings+report2025+portland_contributions+orestar
2024,3,Heart Free Pham,heart free pham,2024|3|heart free pham,2,True,candidate_filing_application,Amendment,Councilor District 3 (2-Year Term),Heart Free Pham Page 2: Candidate Information,Asian or Asian American | White,,"[{""school"": ""University of Puget Sound"", ""last_grade_completed"": ""Senior Year"", ""credential"": ""Bachelor of Science"", ""course_of_study"": ""Biochemistry""}, {""school"": ""Benson Polytechnic High School"", ""last_grade_completed"": ""12th"", ""credential"": ""Diploma"", ""course_of_study"": ""Health Occupations""}]",I have reviewed the above State campaign finance,,text_layer,False,Heart Free Pham,canonical_source,True,Heart Free Pham,exact_normalized_name,True,,,False,,,False,Qualified,"August 12, 2024",,Rail Road Conductor,English as a Second Language Teacher,Community Organizer - Bernie Sanders 2016 Presidential Campaign,I have reviewed the above campaign finance,False,2,4,False,candidate_filings+report2025
2024,3,Jaclyn Smith-Moore,jaclyn smith moore,2024|3|jaclyn smith moore,1,True,candidate_filing_application,Original,Councilor District 3 (2-Year Term),Jaclyn Smith-Moore Page 2: Candidate Information,White | Page 9: Candidate Information: Demographic Information,,"[{""school"": ""Lakeland Christian Academy"", ""last_grade_completed"": ""12"", ""credential"": ""High School Deploma"", ""course_of_study"": """"}, {""school"": ""Indiana University Purdue University Fort Wayne (IPFW)"", ""last_grade_completed"": """", ""credential"": """", ""course_of_study"": ""Graphic Design""}]",I have reviewed the above State campaign finance,,text_layer,False,Jaclyn Smith-Moore,canonical_source,True,Jaclyn Smith-Moore,exact_normalized_name,True,,,False,,,False,Qualified,"July 17, 2024",https://jaclyn4pdx.com/,"Senior Web Developer, Paid","Senior Web Developer, Paid",,I have reviewed the above campaign finance,False,2,4,False,candidate_filings+report2025
2024,3,Jesse Cornett,jesse cornett,2024|3|jesse cornett,1,True,candidate_filing_application,Original,Councilor District 3 (2-Year Term),Jesse Cornett Page 2: Candidate Information,White | Page 9: Candidate Information: Demographic Information,,"[{""school"": ""Portland State University"", ""last_grade_completed"": ""Master's program"", ""credential"": ""Master of Public Administration"", ""course_of_study"": """"}]",I have reviewed the above State campaign finance,,text_layer,False,Jesse Cornett,canonical_source,True,Jesse Cornett,exact_normalized_name,True,Jesse Cornett,exact_normalized_name,True,Cornett,unique_token_containment,True,Qualified,"July 5, 2024",cornettforportland.com,"Policy and Advocacy Director, Oregon Recovers","I have worked 19 out of the past 24 years in policy process or electoral politics, including serving as a top aide to Senator Bernie Sanders during his 2020 presidential race. I have also owned and operated businesses.",,I have reviewed the above campaign finance,False,4,4,True,candidate_filings+report2025+portland_contributions+orestar
2024,3,John Sweeney,john sweeney,2024|3|john sweeney,1,True,unrecognized_or_scanned,,,,,,,,,ocr_fallback,False,John Sweeney,canonical_source,True,John Sweeney,exact_normalized_name,True,,,False,,,False,Qualified,"August 27, 2024",,,,,,True,2,4,False,candidate_filings+report2025
2024,3,Jonathan (Jon) Walker,jonathan jon walker,2024|3|jonathan jon walker,2,True,candidate_filing_application,Amendment,Councilor District 3 (2-Year Term),Jonathan (Jon) Walker Page 2: Candidate Information,White | 3 / 8,,"[{""school"": ""Portland State University"", ""last_grade_completed"": ""Masters"", ""credential"": ""Master's Degree"", ""course_of_study"": ""Public Policy""}, {""school"": ""Wesleyan University"", ""last_grade_completed"": """", ""credential"": ""Bachelor's Degree"", ""course_of_study"": ""Chemistry""}]",I have reviewed the above State campaign finance,,text_layer,False,Jonathan (Jon) Walker,canonical_source,True,Jonathan (Jon) Walker,exact_normalized_name,True,Jonathan Walker,unique_token_containment,True,Walker,unique_token_containment,True,Qualified,"August 26, 2024",Walkerforportland.com,Policy Analyst at the Oregon Health Authority Office of Actuarial and Financial Analytic,,,I have reviewed the above campaign finance,False,4,4,True,candidate_filings+report2025+portland_contributions+orestar
2024,3,Kelly Janes (KJ),kelly janes kj,2024|3|kelly janes kj,1,True,candidate_filing_application,Original,Councilor District 3 (2-Year Term),Kelly Janes (KJ) Page 2: Candidate Information,White | Page 9: Candidate Information: Demographic Information,,"[{""school"": ""UC Berkeley"", ""last_grade_completed"": """", ""credential"": ""BA Anthropology"", ""course_of_study"": ""Social Anthropology & Native American Studies""}, {""school"": ""NYU"", ""last_grade_completed"": """", ""credential"": """", ""course_of_study"": ""Continuing Education, Energy and Environment""}]",I have reviewed the above State campaign finance,,text_layer,False,Kelly Janes (KJ),canonical_source,True,Kelly Janes (KJ),exact_normalized_name,True,Kelly Janes,unique_token_containment,True,Janes,unique_token_containment,True,Qualified,"August 27, 2024",https://kj4pdx.com,"Small Business Owner, Web Design & Development; Chair/President, Foster-Powell Neighborhood Association; President, Benson TechBoosters","Small Business (Founder), Tech/Creative (Freelance), Legal IT (Business Analysis/Budget Supervisor), Education (Computer Teacher, Network Administrator, Department Chair), Tech Support","Communications Chair, Foster-Powell Neighborhood Association; Secretary, Benson TechBoosters",I have reviewed the above campaign finance,False,4,4,True,candidate_filings+report2025+portland_contributions+orestar
2024,3,Kenneth (Kent) R Landgraver III,kenneth kent r landgraver iii,2024|3|kenneth kent r landgraver iii,1,True,candidate_filing_application,Original,Councilor District 3 (2-Year Term),Kenneth (Kent) R Landgraver III Page 2: Candidate Information,White | Page 9: Candidate Information: Demographic Information,,"[{""school"": ""Oregon State University"", ""last_grade_completed"": ""Sophmore"", ""credential"": ""Degree"", ""course_of_study"": ""Chemical Engineering""}, {""school"": ""Lincoln High School"", ""last_grade_completed"": ""12th"", ""credential"": ""Diploma"", ""course_of_study"": ""Honors""}, {""school"": ""US Army Signal Corps School"", ""last_grade_completed"": ""48 weeks"", ""credential"": ""Certificate"", ""course_of_study"": ""Tactical Microwave Systems Repairer""}]",I have reviewed the above State campaign finance,,text_layer,False,Kenneth (Kent) R Landgraver III,canonical_source,True,Kenneth (Kent) R Landgraver III,exact_normalized_name,True,,,False,,,False,Qualified,"July 30, 2024",,"Scientific Instrument Technician, Oregon OSHA",Oregon Army National Guard - 31 years - Retired Operations Manager C&L Terminals,,I have reviewed the above campaign finance,False,2,4,False,candidate_filings+report2025
2024,3,Kezia Wanner,kezia wanner,2024|3|kezia wanner,2,True,candidate_filing_application,Amendment,Councilor District 3 (2-Year Term),Kezia Wanner Page 2: Candidate Information,Prefer Not to Answer | Page 9: Candidate Information: Demographic Information,,"[{""school"": ""California State University Fullerton"", ""last_grade_completed"": ""Masters Degree"", ""credential"": ""Masters Degree"", ""course_of_study"": ""History""}, {""school"": ""University of Oregon"", ""last_grade_completed"": """", ""credential"": ""coursework"", ""course_of_study"": ""History""}, {""school"": ""Portland State Community College"", ""last_grade_completed"": """", ""credential"": ""coursework"", ""course_of_study"": ""Accounting""}, {""school"": ""Saddleback Community College"", ""last_grade_completed"": """", ""credential"": ""Associates Degree"", ""course_of_study"": ""General Studies""}]",I have reviewed the above State campaign finance,,text_layer,False,Kezia Wanner,canonical_source,True,Kezia Wanner,exact_normalized_name,True,,,False,Wanner,unique_token_containment,True,Qualified,"August 21, 2024",Keziaforportland.com,"Business Administration and Compliance Director, Oregon Department of Emergency Management","Deputy Director, Portland Fire Bureau Assistant City Manager, Newberg Oregon Deputy Director, Multnomah County Sheriff's Office Senior Budget Analyst, City of Portland Budget Office Program Manager/ Analyst, Portland Police Bureau",City of Woodburn City of Newberg City of Portland Multnomah County State of Oregon,I have reviewed the above campaign finance,False,3,4,False,candidate_filings+report2025+orestar
2024,3,Luke Zak,luke zak,2024|3|luke zak,1,True,unrecognized_or_scanned,,,,,,,,,ocr_fallback,False,Luke Zak,canonical_source,True,Luke Zak,exact_normalized_name,True,Luke Zak,exact_normalized_name,True,Zak,unique_token_containment,True,Qualified,"June 5, 2024",,,,,,True,4,4,True,candidate_filings+report2025+portland_contributions+orestar
2024,3,Matthew (Matt) Anderson,matthew matt anderson,2024|3|matthew matt anderson,2,True,candidate_filing_application,Amendment,Councilor District 3 (2-Year Term),Matthew (Matt) Anderson Page 2: Candidate Information,Black or African American | Page 9: Candidate Information: Demographic Information,,"[{""school"": ""California State Polytechnic University at Pomona"", ""last_grade_completed"": ""16"", ""credential"": ""BS"", ""course_of_study"": ""Mechanical Engineering""}, {""school"": ""Warner Pacific University"", ""last_grade_completed"": ""18"", ""credential"": ""MAT"", ""course_of_study"": ""Master of Art in Teaching""}]",I have reviewed the above State campaign finance,,text_layer,False,Matthew (Matt) Anderson,canonical_source,True,Matthew (Matt) Anderson,exact_normalized_name,True,Matthew Anderson,unique_token_containment,True,,,False,Qualified,"June 18, 2024",https://mrandersonfor3.org/,"Math Teacher, Parkrose High School","Leodis McDaniels High School, Math Teacher Central Catholic High School, Substitute Teacher INTEL CORPORATION, Product Support Engineer AMDOCS, Application Support Engineer JOHNSON CONTROLS, INC., Process Engineer Andy Adams’ Candy, Portland, Owner Big Brothers Big Sisters, Big Brother “SAY YES! TO LIFE” COMMUNITY COMPUTING CENTER, Los Angeles, CA, Founder","Airman, United States Airforce",I have reviewed the above campaign finance,False,3,4,False,candidate_filings+report2025+portland_contributions
2024,3,Melodie Beirwagen,melodie beirwagen,2024|3|melodie beirwagen,1,True,unrecognized_or_scanned,,,,,,,,,ocr_fallback,False,Melodie Beirwagen,canonical_source,True,Melodie Beirwagen,exact_normalized_name,True,,,False,,,False,Qualified,"August 20, 2024",,,,,,True,2,4,False,candidate_filings+report2025
2024,3,Mu-Yin Chen (Mollie),mu yin chen mollie,2024|3|mu yin chen mollie,2,True,unrecognized_or_scanned,,,,,,,,,text_layer,False,Mu-Yin Chen (Mollie),canonical_source,True,,,False,,,False,,,False,Candidacy Withdrawn,"August 12, 2024",,,,,,True,1,4,False,candidate_filings
2024,3,Patrick Hilton,patrick hilton,2024|3|patrick hilton,1,True,candidate_filing_application,Original,Councilor District 3 (2-Year Term),Patrick Hilton Page 2: Candidate Information,White | Page 9: Candidate Information: Demographic Information,,"[{""school"": ""University of Oregon"", ""last_grade_completed"": ""16"", ""credential"": ""BS Planning, Public Policy and Management"", ""course_of_study"": ""Urban Design""}, {""school"": ""Portland Community College"", ""last_grade_completed"": ""N/A"", ""credential"": """", ""course_of_study"": ""CAD Drafting/Building Construction Technology""}, {""school"": ""University of Illinois at Chicago"", ""last_grade_completed"": ""14"", ""credential"": ""N/A"", ""course_of_study"": ""Architecture""}, {""school"": ""Moraine Valley Community College"", ""last_grade_completed"": ""N/A"", ""credential"": ""Certificate of Mechanical Engineering"", ""course_of_study"": ""AutoCAD""}]",I have reviewed the above State campaign finance,,text_layer,False,Patrick Hilton,canonical_source,True,Patrick Hilton,exact_normalized_name,True,,,False,Hilton,unique_token_containment,True,Qualified,"August 23, 2024",https://www.instagram.com/votepatrickhilton4d3pdx,"Design/Build, Artist","Architectural Designer and Illustrator, Planning Assistant, Oregon Parks and Recreation Dept. (Park Ranger, Environmental Educator, Natural Resource Specialist) Portland Parks and Recreation (Park Host), PDX Main Streets Volunteer, Architectural Interpreter, Actor, Hospitality Arts",,I have reviewed the above campaign finance,False,3,4,False,candidate_filings+report2025+orestar
2024,3,Philippe Knab,philippe knab,2024|3|philippe knab,1,True,candidate_filing_application,Original,Councilor District 3 (2-Year Term),Philippe Knab Page 2: Candidate Information,Prefer Not to Answer | Page 9: Candidate Information: Demographic Information,,"[{""school"": ""Macalester College"", ""last_grade_completed"": ""graduated"", ""credential"": ""BA"", ""course_of_study"": """"}, {""school"": ""Brooklyn Law School"", ""last_grade_completed"": ""graduated"", ""credential"": ""JD"", ""course_of_study"": """"}]",I have reviewed the above State campaign finance,,text_layer,False,Philippe Knab,canonical_source,True,Philippe Knab,exact_normalized_name,True,Philippe Knab,exact_normalized_name,True,Knab,unique_token_containment,True,Qualified,"June 5, 2024",philippeforportland.com,"Reentry and Eviction Defense Program Manager, Washington State Office of Civil Legal Aid (Paid)","Public Defender- Bronx Defenders, Staff Attorney and Supervising Attorney-The Legal Aid Society, Supervising Attorney-New York City Commission on Human Rights, Managing Attorney-The Northwest Justice Project",Not Elected or Appointed but I worked at the New York City Commission on Human Rights as Supervising Attorney and Currently work as Reentry and Eviction Defense Program Manager for Washington State Office of Civil Legal Aid,I have reviewed the above campaign finance,False,4,4,True,candidate_filings+report2025+portland_contributions+orestar
2024,3,Rex Burkholder,rex burkholder,2024|3|rex burkholder,2,True,candidate_filing_application,Amendment,Councilor District 3 (2-Year Term),REX BURKHOLDER Page 2: Candidate Information,White | Page 9: Candidate Information: Demographic Information,,"[{""school"": ""Portland State University"", ""last_grade_completed"": """", ""credential"": ""BS"", ""course_of_study"": ""Biology""}, {""school"": ""Tufts University"", ""last_grade_completed"": """", ""credential"": ""MA"", ""course_of_study"": ""Urban and Environmental Policy""}, {""school"": ""Harvard Kennedy School of Government"", ""last_grade_completed"": """", ""credential"": """", ""course_of_study"": ""3 week leadership program""}]",I have reviewed the above State campaign finance,,text_layer,False,Rex Burkholder,canonical_source,True,Rex Burkholder,exact_normalized_name,True,Rex Burkholder,exact_normalized_name,True,,,False,Qualified,"June 6, 2024",rexforpdx.com,"The Oxalis Group, nonprofit and campaign consulting",Metro Councilor; Bicycle Transportation Alliance - Policy Director; PSU - Student Advisor; Portland Public Schools - Teacher,"Metro Councilor, 12 years. Numerous local, state and national boards and commissions",I have reviewed the above campaign finance,False,3,4,False,candidate_filings+report2025+portland_contributions
2024,3,Sandeep Bali,sandeep bali,2024|3|sandeep bali,1,True,unrecognized_or_scanned,,,,,,,,,ocr_fallback,False,Sandeep Bali,canonical_source,True,Sandeep Bali,exact_normalized_name,True,,,False,,,False,Qualified,"July 17, 2024",,,,,,True,2,4,False,candidate_filings+report2025
2024,3,Steve Novick,steve novick,2024|3|steve novick,1,True,candidate_filing_application,Original,Councilor District 3 (2-Year Term),Steve Novick Page 2: Candidate Information,White | Page 9: Candidate Information: Demographic Information,,"[{""school"": ""University of Oregon"", ""last_grade_completed"": ""16th"", ""credential"": ""B.A., Honors College"", ""course_of_study"": ""History""}, {""school"": ""Harvard Law School"", ""last_grade_completed"": ""19th"", ""credential"": ""J.D."", ""course_of_study"": ""Law""}]",I have reviewed the above State campaign finance,,text_layer,False,Steve Novick,canonical_source,True,Steve Novick,exact_normalized_name,True,Steve Novick,exact_normalized_name,True,Novick,unique_token_containment,True,Qualified,"August 19, 2024",novickforportland.com,"Special Assistant Attorney General, Oregon Department of Justice","Portland City Commissioner; environmental lawyer, public policy researcher, non-profit director","Portland City Commissioner; Trial Attorney, U.S. Department of Justice, Environmental Enforcement Section",I have reviewed the above campaign finance,False,4,4,True,candidate_filings+report2025+portland_contributions+orestar
2024,3,Terry Parker,terry parker,2024|3|terry parker,1,True,unrecognized_or_scanned,,,,,,,,,ocr_fallback,False,Terry Parker,canonical_source,True,Terry Parker,exact_normalized_name,True,,,False,,,False,Qualified,"June 6, 2024",,,,,,True,2,4,False,candidate_filings+report2025
2024,3,Theo Hathaway Saner,theo hathaway saner,2024|3|theo hathaway saner,1,True,candidate_filing_application,Original,Councilor District 3 (2-Year Term),Theo Hathaway Saner Page 2: Candidate Information,White | Page 9: Candidate Information: Demographic Information,,"[{""school"": ""Portland State University"", ""last_grade_completed"": ""Baccalaureate"", ""credential"": ""Degree"", ""course_of_study"": ""Community Development Major, Property Development""}]",I have reviewed the above State campaign finance,,text_layer,False,Theo Hathaway Saner,canonical_source,True,Theo Hathaway Saner,exact_normalized_name,True,Theo Hathaway Saner,exact_normalized_name,True,Hathaway,unique_token_containment,True,Qualified,"June 5, 2024",theohathawaysaner.com,"Property Management & Resident Services Manager, Portland Community Reinvestment Initiates. Board Member, WeShine Initiatives (Micro-Village Program) Volunteer, Columbia Lions Club","Property Inspector, Legacy Property Management Appraiser, Porch Light Appraisal Service Industry Worker, too many to name",na,I have reviewed the above campaign finance,False,4,4,True,candidate_filings+report2025+portland_contributions+orestar
2024,3,Tiffany Koyama Lane,tiffany koyama lane,2024|3|tiffany koyama lane,2,True,candidate_filing_application,Amendment,Councilor District 3 (2-Year Term),Tiffany Koyama Lane Page 2: Candidate Information,Asian or Asian American | Page 9: Candidate Information: Demographic Information,,"[{""school"": ""University of Oregon"", ""last_grade_completed"": ""Master's Degree"", ""credential"": ""M.Ed"", ""course_of_study"": ""Elementary Education with ESOL Endorsement""}, {""school"": ""University of Oregon"", ""last_grade_completed"": ""Bachelor's Degree"", ""credential"": ""B.A."", ""course_of_study"": ""Spanish and Educational Studies (Honors, Magna Cum""}]",I have reviewed the above State campaign finance,,text_layer,False,Tiffany Koyama Lane,canonical_source,True,Tiffany Koyama Lane,exact_normalized_name,True,Tiffany Koyama Lane,exact_normalized_name,True,Koyama,unique_token_containment,True,Qualified,"July 2, 2024",www.teachertiffanyforthepeople.com,"Teacher, Portland Public Schools","Teacher, Portland Public Schools, 2012-present Teacher, New York Public Schools, 2009-2012",,I have reviewed the above campaign finance,False,4,4,True,candidate_filings+report2025+portland_contributions+orestar
2024,4,Andra Vltavín,andra vltavin,2024|4|andra vltavin,3,True,candidate_filing_application,Amendment,Councilor District 4 (2-Year Term),Andra Vltavín Page 2: Candidate Information,"Not Listed (please specify): | Czech, Danish, French, British",,"[{""school"": ""University of Utah"", ""last_grade_completed"": ""Bachelor's"", ""credential"": ""Bachelor's Degree"", ""course_of_study"": ""English, psychology, and religious studies""}, {""school"": ""Weber High School"", ""last_grade_completed"": ""12th"", ""credential"": ""High School Diploma"", ""course_of_study"": """"}]",I have reviewed the above State campaign finance,,text_layer,False,Andra Vltavín,canonical_source,True,Andra Vltavin,exact_normalized_name,True,Andra Vltavín,exact_normalized_name,True,,,False,Qualified,"July 31, 2024",andraforpdx.com,"-Co-director of Ethical Yarn Community -Volunteer at 350PDX, Extinction Rebellion PDX, and Portland Mutual Aid Network","-Co-founder and board member of First Matter Press, a press publishing first-time BIPOC and LGBTQ+ authors -Creative reuse specialist at SCRAP PDX -Class action lawsuit documentation proofreader at Epiq",,I have reviewed the above campaign finance,False,3,4,False,candidate_filings+report2025+portland_contributions
2024,4,Ben Hufford,ben hufford,2024|4|ben hufford,1,True,candidate_filing_application,Original,Councilor District 4 (2-Year Term),Ben Hufford Page 2: Candidate Information,White | Page 9: Candidate Information: Demographic Information,,"[{""school"": ""Harvard University"", ""last_grade_completed"": ""20th"", ""credential"": ""MArch"", ""course_of_study"": ""Architecture""}, {""school"": ""Carleton College"", ""last_grade_completed"": ""16th"", ""credential"": ""BA"", ""course_of_study"": ""Fine Art""}, {""school"": ""Columbia University"", ""last_grade_completed"": ""15th"", ""credential"": """", ""course_of_study"": ""Architecture""}, {""school"": ""Birmingham Seaholm High School"", ""last_grade_completed"": ""12th"", ""credential"": ""Diploma"", ""course_of_study"": """"}]",I have reviewed the above State campaign finance,,text_layer,False,Ben Hufford,canonical_source,True,Ben Hufford,exact_normalized_name,True,Ben Hufford,exact_normalized_name,True,Hufford,unique_token_containment,True,Qualified,"June 11, 2024",ben4portland.com,"Architect and Owner, Design Department Architecture, Jan 2008 - Present","Architect, YGH, 2000-2005 Architect, ZGF Architects, 1996-1999",,I have reviewed the above campaign finance,False,4,4,True,candidate_filings+report2025+portland_contributions+orestar
2024,4,Bob Callahan,bob callahan,2024|4|bob callahan,1,True,candidate_filing_application,Original,Councilor District 4 (2-Year Term),Bob Callahan Page 2: Candidate Information,White | Page 9: Candidate Information: Demographic Information,,"[{""school"": ""Jesuit High School / Portland"", ""last_grade_completed"": ""12"", ""credential"": ""Diploma"", ""course_of_study"": ""General""}, {""school"": ""University of Oregon / Eugene"", ""last_grade_completed"": ""16"", ""credential"": ""B.S. Human Communication"", ""course_of_study"": ""Speech Sciences""}, {""school"": ""Portland State University / Portland"", ""last_grade_completed"": ""19"", ""credential"": ""post graduate"", ""course_of_study"": ""Urban Planning / Land Use Law""}, {""school"": ""Northwestern School of Law / Lewis & Clark College /"", ""last_grade_completed"": ""20"", ""credential"": ""Juris Doctor"", ""course_of_study"": ""Legal Arts""}]",I have reviewed the above State campaign finance,,text_layer,False,Bob Callahan,canonical_source,True,Bob Callahan,exact_normalized_name,True,,,False,Callahan,unique_token_containment,True,Qualified,"August 19, 2024",electbobcallahan.com,councilor and attorney at law,Attorney at Law in Portland since 1988.,,I have reviewed the above campaign finance,False,3,4,False,candidate_filings+report2025+orestar
2024,4,Bob Weinstein,bob weinstein,2024|4|bob weinstein,1,True,unrecognized_or_scanned,,,,,,,,,ocr_fallback,False,Bob Weinstein,canonical_source,True,Bob Weinstein,exact_normalized_name,True,Bob Weinstein,exact_normalized_name,True,Weinstein,unique_token_containment,True,Qualified,"June 5, 2024",,,,,,True,4,4,True,candidate_filings+report2025+portland_contributions+orestar
2024,4,Brandon Farley,brandon farley,2024|4|brandon farley,1,True,candidate_filing_application,Original,Councilor District 4 (2-Year Term),Brandon Farley Page 2: Candidate Information,White | 3 / 8,,"[{""school"": ""Osceola County Learning Center"", ""last_grade_completed"": ""9th"", ""credential"": ""GED"", ""course_of_study"": """"}]",I have reviewed the above State campaign finance,,text_layer,False,Brandon Farley,canonical_source,True,Brandon Farley,exact_normalized_name,True,,,False,,,False,Qualified,"June 17, 2024",,Not Employed,,,I have reviewed the above campaign finance,False,2,4,False,candidate_filings+report2025
2024,4,Chad Lykins,chad lykins,2024|4|chad lykins,1,True,candidate_filing_application,Original,Councilor District 4 (2-Year Term),Chad Lykins Page 2: Candidate Information,White | Page 9: Candidate Information: Demographic Information,,"[{""school"": ""Vanderbilt University"", ""last_grade_completed"": """", ""credential"": ""PhD"", ""course_of_study"": ""Leadership and Policy Studies""}, {""school"": ""College of Charleston"", ""last_grade_completed"": """", ""credential"": ""Bachelor's"", ""course_of_study"": ""Philosophy""}]",I have reviewed the above State campaign finance,,text_layer,False,Chad Lykins,canonical_source,True,Chad Lykins,exact_normalized_name,True,Chad Lykins,exact_normalized_name,True,Lykins,unique_token_containment,True,Qualified,"July 3, 2024",lykinsforportland.com,"Founder, Rose City chess","Assistant Professor, University of Hong Kong; Small Business Owner; Policy Researcher",Democratic Precinct Committeeperson,I have reviewed the above campaign finance,False,4,4,True,candidate_filings+report2025+portland_contributions+orestar
2024,4,Chloe Mason,chloe mason,2024|4|chloe mason,1,True,candidate_filing_application,Original,Councilor District 4 (2-Year Term),Chloe Mason Page 2: Candidate Information,Black or African American | White,,"[{""school"": ""Olympic College"", ""last_grade_completed"": ""N/A"", ""credential"": ""GED"", ""course_of_study"": """"}, {""school"": ""Portland Communtiy College"", ""last_grade_completed"": ""Freshman"", ""credential"": ""Transfer"", ""course_of_study"": """"}]",I have reviewed the above State campaign finance,,text_layer,False,Chloe Mason,canonical_source,True,Chloe Mason,exact_normalized_name,True,,,False,Mason,unique_token_containment,True,Qualified,"August 27, 2024",www.chloemasonforpdx.com,"Fitness Model, Author","Business Management, Marketing",Portland Police Bureau Equity Advisory Counsel,I have reviewed the above campaign finance,False,3,4,False,candidate_filings+report2025+orestar
2024,4,Chris Henry,chris henry,2024|4|chris henry,1,True,candidate_filing_application,Original,Councilor District 4 (2-Year Term),"""Chris Henry"" Page 2: Candidate Information",White | Not Listed (please specify):,,"[{""school"": ""Portland State University"", ""last_grade_completed"": ""(I must only complete the math requirement)"", ""credential"": ""Currently In Progress (Expect to complete math by"", ""course_of_study"": ""BS in Communication w/ a Minor in Civic Leadership""}, {""school"": ""Portland Community College"", ""last_grade_completed"": ""Currently attending to complete math requirement for"", ""credential"": ""Currently In Progress (Expect to complete math by"", ""course_of_study"": ""AS Transfer Degree Requirement w/ Math Requirement""}]",I have reviewed the above State campaign finance,,text_layer,False,Chris Henry,canonical_source,True,Chris Henry,exact_normalized_name,True,Chris Henry,exact_normalized_name,True,Henry,unique_token_containment,True,Qualified,"July 1, 2024",www.chrishenry.org,"Not Employed / ""Semi""-retired (trying not to drive semi trucks any more)","Teamster Truck Driver YELLOW FREIGHT 6845 N CUTTER CIRCLE PORTLAND, OR 97219 (Yellow closed their doors and filed bankruptcy after 100 years, laying off 30,000 employees. I had 20 years of service.","None, as yet",I have reviewed the above campaign finance,False,4,4,True,candidate_filings+report2025+portland_contributions+orestar
2024,4,Ciatta R Thompson,ciatta r thompson,2024|4|ciatta r thompson,2,True,candidate_filing_application,Amendment,Councilor District 4 (2-Year Term),Ciatta R. Thompson Page 2: Candidate Information,Black or African American | 3 / 8,,"[{""school"": ""Florida Atlantic University"", ""last_grade_completed"": ""none"", ""credential"": ""none"", ""course_of_study"": ""Urban Planning""}, {""school"": ""Johnson and Wales University"", ""last_grade_completed"": ""none"", ""credential"": ""none"", ""course_of_study"": ""Sports Management""}, {""school"": ""Webster University"", ""last_grade_completed"": ""none"", ""credential"": ""none"", ""course_of_study"": ""Film Studies""}, {""school"": ""University of Missouri-St. Louis"", ""last_grade_completed"": ""none"", ""credential"": ""none"", ""course_of_study"": ""Communications""}]",I have reviewed the above State campaign finance,,text_layer,False,Ciatta R Thompson,canonical_source,True,Ciatta R Thompson,exact_normalized_name,True,,,False,Thompson,unique_token_containment,True,Qualified,"July 11, 2024",,Front Office Manager paid,Travel and Hotel Hospitality paid,Community Affairs Advisory Board appointed,I have reviewed the above campaign finance,False,3,4,False,candidate_filings+report2025+orestar
2024,4,Eli Arnold,eli arnold,2024|4|eli arnold,1,True,candidate_filing_application,Original,Councilor District 4 (2-Year Term),Eli Arnold Page 2: Candidate Information,White | Page 9: Candidate Information: Demographic Information,,"[{""school"": ""Portland State University"", ""last_grade_completed"": """", ""credential"": ""BS"", ""course_of_study"": ""Science""}, {""school"": ""US Army Military Intelligence Center"", ""last_grade_completed"": """", ""credential"": ""Human Intelligence Collector"", ""course_of_study"": """"}, {""school"": ""US Army Aviation Center"", ""last_grade_completed"": """", ""credential"": ""Blackhawk Helicopter Pilot"", ""course_of_study"": """"}]",I have reviewed the above State campaign finance,,text_layer,False,Eli Arnold,canonical_source,True,Eli Arnold,exact_normalized_name,True,Eli Arnold,exact_normalized_name,True,Arnold,unique_token_containment,True,Qualified,"June 10, 2024",www.eliforportland.com,Police Officer,"Human Intelligence Analysis Cell Team Leader, US Army Blackhawk Pilot, Daffin Heights Community Garden founder",,I have reviewed the above campaign finance,False,4,4,True,candidate_filings+report2025+portland_contributions+orestar
2024,4,Eric Zimmerman,eric zimmerman,2024|4|eric zimmerman,1,True,candidate_filing_application,Original,Councilor District 4 (2-Year Term),Eric Zimmerman Page 2: Candidate Information,White | Page 9: Candidate Information: Demographic Information,,"[{""school"": ""University of Portland"", ""last_grade_completed"": """", ""credential"": ""MBA"", ""course_of_study"": ""Non-Profit Business Administration""}, {""school"": ""University of Portland"", ""last_grade_completed"": """", ""credential"": ""BS"", ""course_of_study"": ""Organizational Communication""}, {""school"": ""Clackamas High School"", ""last_grade_completed"": ""12"", ""credential"": ""Diploma"", ""course_of_study"": ""General""}]",I have reviewed the above State campaign finance,,text_layer,False,Eric Zimmerman,canonical_source,True,Eric Zimmerman,exact_normalized_name,True,Eric Zimmerman,exact_normalized_name,True,Zimmerman,unique_token_containment,True,Qualified,"July 10, 2024",www.ez4pdx.com,"Chief of Staff, Multnomah County Commissioner Julia Brim-Edwards","Senior Advisor for the Central City, Portland Mayor; Deputy Chief, Office of Defense Cooperation, U.S. Embassy Dhaka; Operations Officer, NATO Kosovo; Deputy City Manager, City of Medford; Assistant City Manager, City of Tigard; Chief of Staff, Multnomah County Commissioner Diane McKeel","Chief of Staff, Multnomah County District 3; Senior Advisor, Portland Mayor's Officer; Deputy City Manager, City of Medford; Assistant City Manager, City of Tigard; Chief of Staff, Multnomah County District 4; Board Member, Multnomah County Veterans Task Force; 17 years as a Commissioned officer in the U.S. Army and Oregon Army National Guard with assignments in Iraq, Kosovo, and Bangladesh.",I have reviewed the above campaign finance,False,4,4,True,candidate_filings+report2025+portland_contributions+orestar
2024,4,James Bryan,james bryan,2024|4|james bryan,2,True,unrecognized_or_scanned,,,,,,,,,text_layer,False,James Bryan,canonical_source,True,,,False,,,False,,,False,Candidacy Withdrawn,"August 26, 2024",,,,,,True,1,4,False,candidate_filings
2024,4,Jeremy Beausoleil Smith,jeremy beausoleil smith,2024|4|jeremy beausoleil smith,2,True,unrecognized_or_scanned,,,,,,,,,text_layer,False,Jeremy Beausoleil Smith,canonical_source,True,,,False,,,False,Smith,unique_token_containment,True,Candidacy Withdrawn,"June 5, 2024",,,,,,True,2,4,False,candidate_filings+orestar
2024,4,John J Goldsmith,john j goldsmith,2024|4|john j goldsmith,1,True,unrecognized_or_scanned,,,,,,,,,ocr_fallback,False,John J Goldsmith,canonical_source,True,John J Goldsmith,exact_normalized_name,True,,,False,,,False,Qualified,"July 29, 2024",,,,,,True,2,4,False,candidate_filings+report2025
2024,4,John Toran,john toran,2024|4|john toran,2,True,unrecognized_or_scanned,,,,,,,,,text_layer,False,John Toran,canonical_source,True,John Toran,exact_normalized_name,True,John Toran,exact_normalized_name,True,Toran,unique_token_containment,True,Qualified,"August 27, 2024",,,,,,True,4,4,True,candidate_filings+report2025+portland_contributions+orestar
2024,4,Joseph (Joe) Alfone,joseph joe alfone,2024|4|joseph joe alfone,2,True,candidate_filing_application,Amendment,Councilor District 4 (2-Year Term),JOSEPH (JOE) ALFONE Page 2: Candidate Information,"Hispanic, Latino, Latina, or Latinx | White",,"[{""school"": ""Louisiana State University"", ""last_grade_completed"": ""Bachelor's Degree"", ""credential"": ""Bachelor of General Studies"", ""course_of_study"": ""Political-Science History Sociology""}, {""school"": ""Bridge-Linguatec Denver Colorado"", ""last_grade_completed"": ""ESL Certification"", ""credential"": ""English as a Second Language Certificate"", ""course_of_study"": ""ESL Teacher""}]",I have reviewed the above State campaign finance,,text_layer,False,Joseph (Joe) Alfone,canonical_source,True,Joseph (Joe) Alfone,exact_normalized_name,True,,,False,,,False,Qualified,"August 20, 2024",,Food & Beverage Hourly Wage Attendant Moda Center & Statewide Ballot Access Initiative Canvasser,English as a Second Language (ESL) Teacher for 8 years in People's Republic of China (PRC) and briefly in Russia,1. Elected Junior Class President Riverdale High School New Orleans 2. Candidate Louisiana State University Student Government President 3. Nationwide Ballot Access Canvasser Ralph Nader for President Campaign 4. Candidate Louisiana State Representative District 91 New Orleans 5. Eastern United States National Organizer Ralph Nader for President Campaign,I have reviewed the above campaign finance,False,2,4,False,candidate_filings+report2025
2024,4,Kelly Doyle,kelly doyle,2024|4|kelly doyle,2,True,unrecognized_or_scanned,,,,,,,,,ocr_fallback,False,Kelly Doyle,canonical_source,True,Kelly Doyle,exact_normalized_name,True,,,False,,,False,Qualified,"June 27, 2024",,,,,,True,2,4,False,candidate_filings+report2025
2024,4,Kevin Goldsmith,kevin goldsmith,2024|4|kevin goldsmith,1,True,unrecognized_or_scanned,,,,,,,,,text_layer,False,Kevin Goldsmith,canonical_source,True,Kevin Goldsmith,exact_normalized_name,True,,,False,,,False,Qualified,"July 8, 2024",,,,,,True,2,4,False,candidate_filings+report2025
2024,4,L Christopher Regis,l christopher regis,2024|4|l christopher regis,1,True,candidate_filing_application,Original,Councilor District 4 (2-Year Term),L.Christopher Regis Page 2: Candidate Information,Prefer Not to Answer | Page 9: Candidate Information: Demographic Information,,"[{""school"": ""Portland State University"", ""last_grade_completed"": ""14"", ""credential"": ""2 year degree in digital music production"", ""course_of_study"": ""music""}]",I have reviewed the above State campaign finance,,text_layer,False,L Christopher Regis,canonical_source,True,L Christopher Regis,exact_normalized_name,True,,,False,,,False,Qualified,"August 27, 2024",,business owner. Green Century Recycling,Business owner in Portland for 20 years,,I have reviewed the above campaign finance,False,2,4,False,candidate_filings+report2025
2024,4,Lee Odell,lee odell,2024|4|lee odell,1,True,candidate_filing_application,Original,Councilor District 4 (2-Year Term),Lee Odell Page 2: Candidate Information,Prefer Not to Answer | Page 9: Candidate Information: Demographic Information,,"[{""school"": ""Parkrose"", ""last_grade_completed"": ""12"", ""credential"": ""yes"", ""course_of_study"": ""General""}, {""school"": ""Portland State College"", ""last_grade_completed"": """", ""credential"": ""Bachelor of Science"", ""course_of_study"": ""General Science""}, {""school"": ""Portland State University"", ""last_grade_completed"": """", ""credential"": ""Masters of Science"", ""course_of_study"": ""Audiology""}]",I have reviewed the above State campaign finance,,text_layer,False,Lee Odell,canonical_source,True,Lee Odell,exact_normalized_name,True,,,False,,,False,Qualified,"August 20, 2024",,Retired,"U.S. Navy Submarine Service, Nuclear Power Reactor Operator, Audiologist, Financial CCpmptrtoller in woods products industry, Maner of Financial Offices for private college, Director of Physical Plant for private college, Director of Communication Services for private college.",,I have reviewed the above campaign finance,False,2,4,False,candidate_filings+report2025
2024,4,Lisa Freeman,lisa freeman,2024|4|lisa freeman,1,True,unrecognized_or_scanned,,,,,,,,,ocr_fallback,False,Lisa Freeman,canonical_source,True,Lisa Freeman,exact_normalized_name,True,Lisa Freeman,exact_normalized_name,True,Freeman,unique_token_containment,True,Qualified,"June 13, 2024",,,,,,True,4,4,True,candidate_filings+report2025+portland_contributions+orestar
2024,4,Michael Trimble,michael trimble,2024|4|michael trimble,1,True,candidate_filing_application,Original,Councilor District 4 (2-Year Term),Michael Trimble Page 2: Candidate Information,White | Page 9: Candidate Information: Demographic Information,,"[{""school"": ""duquesne university"", ""last_grade_completed"": ""graduated"", ""credential"": ""bachelors"", ""course_of_study"": ""political science""}]",I have reviewed the above State campaign finance,,text_layer,False,Michael Trimble,canonical_source,True,Michael Trimble,exact_normalized_name,True,Michael Trimble,exact_normalized_name,True,trimble,unique_token_containment,True,Qualified,"June 10, 2024",iamwithmichael.com,customer service,customer service healthcare,none,I have reviewed the above campaign finance,False,4,4,True,candidate_filings+report2025+portland_contributions+orestar
2024,4,Mike DiNapoli,mike dinapoli,2024|4|mike dinapoli,1,True,candidate_filing_application,Original,Councilor District 4 (2-Year Term),Mike DiNapoli Page 2: Candidate Information,"American Indian or Alaskan Native (if selected, a text | your Tribe or Native Corporation, if desired)","American Indian or Alaskan Native (if selected, a text","[{""school"": ""Mount Hood Comm. College [MHCC]"", ""last_grade_completed"": ""Graduated"", ""credential"": ""Associate of Science"", ""course_of_study"": ""Media & Broadcasting""}, {""school"": ""Portland State University"", ""last_grade_completed"": ""11 [Junior]"", ""credential"": ""In progress"", ""course_of_study"": ""Communication and Business""}, {""school"": ""Communications of America"", ""last_grade_completed"": ""Apprenticeship"", ""credential"": ""JourneyPerson Data, Switching and DC Power"", ""course_of_study"": ""Telecom, Radio, Broadcast Infrastucture""}, {""school"": ""IBEW Tested and Training"", ""last_grade_completed"": ""Journeyperson"", ""credential"": ""Licensed Low Voltage Electrician"", ""course_of_study"": ""Data and Telecom""}]",I have reviewed the above State campaign finance,,text_layer,False,Mike DiNapoli,canonical_source,True,Mike DiNapoli,exact_normalized_name,True,Mike DiNapoli,exact_normalized_name,True,DiNapoli,unique_token_containment,True,Qualified,"June 5, 2024",www.MikeDiNapoli.org,People's AV | Event Technology Director,"I'm a Utility telecom tradesperson and have worked across the country on our nations telephone, data, radio and television infrastructure systems. I'm also a JourneyLevel low-voltage electrician and service person. In a addition I'm a small business owner and provide technology service support across the region.","Was an appointed Precinct Committee Person for the Washington County Democrats in the early 2000's and was on the Citizen Advisory Board with the City of Hillsboro providing insight and oversight on Conditional Use Permits within the city. Current- I'm an appointed PCP for the Multnomah County Democrats and with the primaries behind us, soon to be an offically elected PCP for Multnomah County.",I have reviewed the above campaign finance,False,4,4,True,candidate_filings+report2025+portland_contributions+orestar
2024,4,Mitch Green,mitch green,2024|4|mitch green,1,True,candidate_filing_application,Original,Councilor District 4 (2-Year Term),Mitch Green Page 2: Candidate Information,White | Page 9: Candidate Information: Demographic Information,,"[{""school"": ""University of Missouri - Kansas City"", ""last_grade_completed"": """", ""credential"": ""Ph.D."", ""course_of_study"": ""Economics""}, {""school"": ""University of Missouri - Kansas City"", ""last_grade_completed"": """", ""credential"": ""M.S."", ""course_of_study"": ""Economics""}, {""school"": ""Portland State University"", ""last_grade_completed"": """", ""credential"": ""B.S."", ""course_of_study"": ""Economics""}]",I have reviewed the above State campaign finance,,text_layer,False,Mitch Green,canonical_source,True,Mitch Green,exact_normalized_name,True,Mitchell Green,human_review_match,True,Green,unique_token_containment,True,Qualified,"June 12, 2024",https://mitch4portland.com,"Economist, Bonneville Power Administration (2015 - Present)","Adjunct Economics Professor (occasional 2016 - 2022), Visiting Economics Instructor Franklin & Marshall College, Intern Bonneville Power Admin (2013-2014), Graduate Teaching Assistant University of Missouri - Kansas City (2010-2013), Analyst, Army Corps of Engineers (2008 - 2010), IT tech, Advantis Credit Union (2007 - 2008), Civil Affairs NCO, US Army (2001 - 2007)","NA. I am GS Federal employee, but this not an appointed position.",I have reviewed the above campaign finance,False,4,4,True,candidate_filings+report2025+portland_contributions+orestar
2024,4,Moses Ross,moses ross,2024|4|moses ross,1,True,candidate_filing_application,Original,Councilor District 4 (2-Year Term),Moses Ross Page 2: Candidate Information,"Hispanic, Latino, Latina, or Latinx | White",,"[{""school"": ""Evanston High School, Evanston, Wyoming"", ""last_grade_completed"": ""12"", ""credential"": ""Diploma"", ""course_of_study"": """"}]",I have reviewed the above State campaign finance,,text_layer,False,Moses Ross,canonical_source,True,Moses Ross,exact_normalized_name,True,Moses Ross,exact_normalized_name,True,Ross,unique_token_containment,True,Qualified,"June 7, 2024",www.moses4pdx.com,"2002-Present: Political Consultant, M. J. Ross Group, Inc., Portland, OR","1990-1995: Publisher, In Balance Magazine, Portland, OR","2010-2014, 2020-Present: President, Multnomah Neighborhood Association, Portland, OR 2018-2023: Member, Multnomah County Community Budget Advisory Committee (CBAC) 2015: Member, Multnomah County Charter Review Committee",I have reviewed the above campaign finance,False,4,4,True,candidate_filings+report2025+portland_contributions+orestar
2024,4,Olivia Clark,olivia clark,2024|4|olivia clark,1,True,candidate_filing_application,Original,Councilor District 4 (2-Year Term),Olivia Clark Page 2: Candidate Information,White | Page 9: Candidate Information: Demographic Information,,"[{""school"": ""University of Oregon"", ""last_grade_completed"": ""Graduate School"", ""credential"": ""Master’s Degree"", ""course_of_study"": ""Sociology""}, {""school"": ""University of Redlands"", ""last_grade_completed"": ""College graduate"", ""credential"": ""BA"", ""course_of_study"": ""Sociology""}, {""school"": ""Redlands High School"", ""last_grade_completed"": ""12th"", ""credential"": ""High School"", ""course_of_study"": """"}]",I have reviewed the above State campaign finance,,text_layer,False,Olivia Clark,canonical_source,True,Olivia Clark,exact_normalized_name,True,Olivia Clark,exact_normalized_name,True,Clark,unique_token_containment,True,Qualified,"June 5, 2024",OliviaforPortland.com,Not Employed,Intergovernmental & Legislative Affairs Director,"Governor John A.Kitzhaber, Intergovernmental Affairs Director Mayor’s office City of Salem, Legislative Director TriMet, Executive Director of Public Affars Oregon Department of Environmental Quality, Legislative Director",I have reviewed the above campaign finance,False,4,4,True,candidate_filings+report2025+portland_contributions+orestar
2024,4,Patrick Cashman,patrick cashman,2024|4|patrick cashman,1,True,candidate_filing_application,Original,Councilor District 4 (2-Year Term),Patrick Cashman Page 2: Candidate Information,Not Listed (please specify): | Apache Helicopter,,"[{""school"": ""Marine Corps Command and Staff College"", ""last_grade_completed"": ""Masters Degree"", ""credential"": ""MA"", ""course_of_study"": ""Military Studies""}, {""school"": ""University of Washington"", ""last_grade_completed"": ""Bachelors Degree"", ""credential"": ""BA"", ""course_of_study"": ""History""}]",I have reviewed the above State campaign finance,,text_layer,False,Patrick Cashman,canonical_source,True,Patrick Cashman,exact_normalized_name,True,,,False,,,False,Qualified,"June 11, 2024",,"Project Manager, Certified PMP","23 years in the US Marine Corps as an 0302, Infantry Officer","23 years in the US Marine Corps as an 0302, Infantry Officer",I have reviewed the above campaign finance,False,2,4,False,candidate_filings+report2025
2024,4,Raquel Coyote,raquel coyote,2024|4|raquel coyote,1,True,candidate_filing_application,Original,Councilor District 4 (2-Year Term),Raquel Coyote Page 2: Candidate Information,"Hispanic, Latino, Latina, or Latinx | White",,"[{""school"": ""PSU"", ""last_grade_completed"": ""Bachelor of Science"", ""credential"": ""B. S."", ""course_of_study"": ""Architecture""}, {""school"": ""California College of Arts & PSU"", ""last_grade_completed"": ""Bachelor of Science"", ""credential"": ""B.S."", ""course_of_study"": ""Fine Art (s) Double Degree Painting & Printmaking""}]",I have reviewed the above State campaign finance,,text_layer,False,Raquel Coyote,canonical_source,True,Raquel Coyote,exact_normalized_name,True,,,False,,,False,Qualified,"August 23, 2024",,Small Business Owner,"Architect, Project Manager Designer Parent",,I have reviewed the above campaign finance,False,2,4,False,candidate_filings+report2025
2024,4,Sarah Silkie,sarah silkie,2024|4|sarah silkie,1,True,candidate_filing_application,Original,Councilor District 4 (2-Year Term),Sarah Silkie Page 2: Candidate Information,White | Page 9: Candidate Information: Demographic Information,,"[{""school"": ""University of California - Berkeley"", ""last_grade_completed"": """", ""credential"": ""PhD"", ""course_of_study"": ""Science of Civil & Environmental Engineering""}, {""school"": ""Reed College"", ""last_grade_completed"": """", ""credential"": ""B.A."", ""course_of_study"": ""Linguistics""}, {""school"": ""Ida B Wells (formerly known as Wilson) High School"", ""last_grade_completed"": ""12"", ""credential"": """", ""course_of_study"": """"}, {""school"": ""Portland Community College"", ""last_grade_completed"": """", ""credential"": """", ""course_of_study"": ""Engineering prerequisites""}]",I have reviewed the above State campaign finance,,text_layer,False,Sarah Silkie,canonical_source,True,Sarah Silkie,exact_normalized_name,True,Sarah Silkie,exact_normalized_name,True,Silkie,unique_token_containment,True,Qualified,"June 11, 2024",www.sarahsilkie.com,Civil Engineer,Environmental Specialist Community College Instructor,,I have reviewed the above campaign finance,False,4,4,True,candidate_filings+report2025+portland_contributions+orestar
2024,4,Stanley Penkin,stanley penkin,2024|4|stanley penkin,1,True,unrecognized_or_scanned,,,,,,,,,ocr_fallback,False,Stanley Penkin,canonical_source,True,Stanley Penkin,exact_normalized_name,True,Stan Penkin,human_review_match,True,Penkin,unique_token_containment,True,Qualified,"June 11, 2024",,,,,,True,4,4,True,candidate_filings+report2025+portland_contributions+orestar
2024,4,Thomas Dodson,thomas dodson,2024|4|thomas dodson,2,True,candidate_filing_application,Original,Councilor District 4 (2-Year Term),Thomas Dodson Page 2: Candidate Information,White | Page 9: Candidate Information: Demographic Information,,"[{""school"": ""Lewis and Clark High School"", ""last_grade_completed"": ""12th"", ""credential"": ""High School Diploma"", ""course_of_study"": ""General Studies""}, {""school"": ""University of Washington"", ""last_grade_completed"": """", ""credential"": ""Bachelor of Science"", ""course_of_study"": ""Molecular and Cellular Biology""}, {""school"": ""New York Medical College"", ""last_grade_completed"": """", ""credential"": ""MD"", ""course_of_study"": ""Medicine""}, {""school"": ""New York Medical College"", ""last_grade_completed"": ""Psychiatry Residency"", ""credential"": ""Graduate in Psychiatry"", ""course_of_study"": ""General Psychiatry""}]",I have reviewed the above State campaign finance,,text_layer,False,Thomas Dodson,canonical_source,True,,,False,,,False,,,False,Candidacy Withdrawn,"July 15, 2024",,Not Employed,Physician,National Health Service Corps,I have reviewed the above campaign finance,False,1,4,False,candidate_filings
2024,4,Tony Morse,tony morse,2024|4|tony morse,1,True,candidate_filing_application,Original,Councilor District 4 (2-Year Term),Tony Morse Page 2: Candidate Information,White | Page 9: Candidate Information: Demographic Information,,"[{""school"": ""New England School of Law"", ""last_grade_completed"": ""Third year of law school"", ""credential"": ""Juris Doctor"", ""course_of_study"": ""Law""}, {""school"": ""Western Oregon University"", ""last_grade_completed"": ""Fourth year of college"", ""credential"": ""Bachelor of Science"", ""course_of_study"": ""Economics""}, {""school"": ""Mountain View High School"", ""last_grade_completed"": ""12"", ""credential"": ""High School Diploma"", ""course_of_study"": """"}, {""school"": ""West Linn High School"", ""last_grade_completed"": ""9"", ""credential"": ""N/A"", ""course_of_study"": """"}]",I have reviewed the above State campaign finance,,text_layer,False,Tony Morse,canonical_source,True,Tony Morse,exact_normalized_name,True,Tony Morse,exact_normalized_name,True,Morse,unique_token_containment,True,Qualified,"June 12, 2024",www.tonyforportland.com,Not Employed.,"Campaign Manager, Deputy Campaign Manager, Policy and Advocacy Director, Field Organizer, Real Estate Broker, Judicial Law Clerk, and Attorney.",Judicial Law Clerk in the Circuit Court for Multnomah County (Employee of the Oregon Judicial Department).,I have reviewed the above campaign finance,False,4,4,True,candidate_filings+report2025+portland_contributions+orestar
2024,4,Tony Schwartz,tony schwartz,2024|4|tony schwartz,1,True,candidate_filing_application,Original,Councilor District 4 (2-Year Term),(Tony) Schwartz Page 2: Candidate Information,White | Page 9: Candidate Information: Demographic Information,,"[{""school"": ""University of Denver Law School"", ""last_grade_completed"": ""19"", ""credential"": ""J.D."", ""course_of_study"": """"}, {""school"": ""University of Colorado at Boulder"", ""last_grade_completed"": ""16"", ""credential"": ""B.A."", ""course_of_study"": """"}]",I have reviewed the above State campaign finance,,text_layer,False,Tony Schwartz,canonical_source,True,Tony Schwartz,exact_normalized_name,True,,,False,,,False,Qualified,"August 27, 2024",,Lawyer,Lawyer since 2000,Hearings Officer - Multnomah County Animal Services since 2022,I have reviewed the above campaign finance,False,2,4,False,candidate_filings+report2025
