year,contest_type,office,district,profile_key,candidate,spending_bin,spending_amount,spending_count,profile_total_spending,profile_total_count,spending_amount_share,spending_count_share,source_file_stem,source_candidate_name,canonical_candidate,candidate_key,linkage_status
2026,city_council,Portland City Council,3,2026|3|orestar|corcoran,Corcoran,Micro,127.68,16,2879.67,33,0.044338413776578565,0.48484848484848486,Corcoran,Corcoran,,,source_only
2026,city_council,Portland City Council,3,2026|3|orestar|corcoran,Corcoran,Small,545.7,8,2879.67,33,0.18950088030920212,0.24242424242424243,Corcoran,Corcoran,,,source_only
2026,city_council,Portland City Council,3,2026|3|orestar|corcoran,Corcoran,Medium,1111.31,7,2879.67,33,0.3859157472904881,0.21212121212121213,Corcoran,Corcoran,,,source_only
2026,city_council,Portland City Council,3,2026|3|orestar|corcoran,Corcoran,Large,1094.98,2,2879.67,33,0.3802449586237312,0.06060606060606061,Corcoran,Corcoran,,,source_only
2026,city_council,Portland City Council,3,2026|3|orestar|corcoran,Corcoran,Mega,0.0,0,2879.67,33,0.0,0.0,Corcoran,Corcoran,,,source_only
2026,city_council,Portland City Council,3,2026|3|orestar|johnson,Johnson,Micro,33.3,7,389.46000000000004,13,0.08550300415960559,0.5384615384615384,Johnson,Johnson,,,source_only
2026,city_council,Portland City Council,3,2026|3|orestar|johnson,Johnson,Small,241.16,5,389.46000000000004,13,0.6192163508447593,0.38461538461538464,Johnson,Johnson,,,source_only
2026,city_council,Portland City Council,3,2026|3|orestar|johnson,Johnson,Medium,115.0,1,389.46000000000004,13,0.29528064499563494,0.07692307692307693,Johnson,Johnson,,,source_only
2026,city_council,Portland City Council,3,2026|3|orestar|johnson,Johnson,Large,0.0,0,389.46000000000004,13,0.0,0.0,Johnson,Johnson,,,source_only
2026,city_council,Portland City Council,3,2026|3|orestar|johnson,Johnson,Mega,0.0,0,389.46000000000004,13,0.0,0.0,Johnson,Johnson,,,source_only
2026,city_council,Portland City Council,3,2026|3|orestar|koyama,Koyama,Micro,3863.1,480,311196.92000000004,912,0.012413683271672481,0.5263157894736842,Koyama,Koyama,,,source_only
2026,city_council,Portland City Council,3,2026|3|orestar|koyama,Koyama,Small,13297.9,249,311196.92000000004,912,0.04273146405176503,0.2730263157894737,Koyama,Koyama,,,source_only
2026,city_council,Portland City Council,3,2026|3|orestar|koyama,Koyama,Medium,11021.11,62,311196.92000000004,912,0.03541522840264614,0.06798245614035088,Koyama,Koyama,,,source_only
2026,city_council,Portland City Council,3,2026|3|orestar|koyama,Koyama,Large,26204.45,51,311196.92000000004,912,0.08420536424332219,0.05592105263157895,Koyama,Koyama,,,source_only
2026,city_council,Portland City Council,3,2026|3|orestar|koyama,Koyama,Mega,256810.36000000002,70,311196.92000000004,912,0.8252342600305941,0.07675438596491228,Koyama,Koyama,,,source_only
2026,city_council,Portland City Council,3,2026|3|orestar|leon,Leon,Micro,197.84,19,1986.6399999999999,33,0.09958522933193735,0.5757575757575758,Leon,Leon,,,source_only
2026,city_council,Portland City Council,3,2026|3|orestar|leon,Leon,Small,465.29,8,1986.6399999999999,33,0.23420951959086703,0.24242424242424243,Leon,Leon,,,source_only
2026,city_council,Portland City Council,3,2026|3|orestar|leon,Leon,Medium,818.01,5,1986.6399999999999,33,0.4117555269198244,0.15151515151515152,Leon,Leon,,,source_only
2026,city_council,Portland City Council,3,2026|3|orestar|leon,Leon,Large,505.5,1,1986.6399999999999,33,0.25444972415737127,0.030303030303030304,Leon,Leon,,,source_only
2026,city_council,Portland City Council,3,2026|3|orestar|leon,Leon,Mega,0.0,0,1986.6399999999999,33,0.0,0.0,Leon,Leon,,,source_only
2026,city_council,Portland City Council,3,2026|3|orestar|morillo,Morillo,Micro,1685.41,217,237544.36,522,0.007095137935499711,0.4157088122605364,Morillo,Morillo,,,source_only
2026,city_council,Portland City Council,3,2026|3|orestar|morillo,Morillo,Small,6468.99,141,237544.36,522,0.027232766124188342,0.27011494252873564,Morillo,Morillo,,,source_only
2026,city_council,Portland City Council,3,2026|3|orestar|morillo,Morillo,Medium,7897.77,53,237544.36,522,0.033247558477077714,0.10153256704980843,Morillo,Morillo,,,source_only
2026,city_council,Portland City Council,3,2026|3|orestar|morillo,Morillo,Large,33612.72,61,237544.36,522,0.14150081273240925,0.11685823754789272,Morillo,Morillo,,,source_only
2026,city_council,Portland City Council,3,2026|3|orestar|morillo,Morillo,Mega,187879.47,50,237544.36,522,0.7909237247308251,0.09578544061302682,Morillo,Morillo,,,source_only
2026,city_council,Portland City Council,3,2026|3|orestar|mullen,Mullen,Micro,35.0,6,1075.23,8,0.03255117509742102,0.75,Mullen,Mullen,,,source_only
2026,city_council,Portland City Council,3,2026|3|orestar|mullen,Mullen,Small,40.23,1,1075.23,8,0.03741525069054993,0.125,Mullen,Mullen,,,source_only
2026,city_council,Portland City Council,3,2026|3|orestar|mullen,Mullen,Medium,0.0,0,1075.23,8,0.0,0.0,Mullen,Mullen,,,source_only
2026,city_council,Portland City Council,3,2026|3|orestar|mullen,Mullen,Large,1000.0,1,1075.23,8,0.930033574212029,0.125,Mullen,Mullen,,,source_only
2026,city_council,Portland City Council,3,2026|3|orestar|mullen,Mullen,Mega,0.0,0,1075.23,8,0.0,0.0,Mullen,Mullen,,,source_only
2026,city_council,Portland City Council,3,2026|3|orestar|novick,Novick,Micro,1168.88,104,1081644.06,662,0.0010806512449206258,0.15709969788519637,Novick,Novick,,,source_only
2026,city_council,Portland City Council,3,2026|3|orestar|novick,Novick,Small,12664.75,192,1081644.06,662,0.011708796329912818,0.29003021148036257,Novick,Novick,,,source_only
2026,city_council,Portland City Council,3,2026|3|orestar|novick,Novick,Medium,16394.3,96,1081644.06,662,0.015156834495074099,0.14501510574018128,Novick,Novick,,,source_only
2026,city_council,Portland City Council,3,2026|3|orestar|novick,Novick,Large,75499.01,129,1081644.06,662,0.06980023539351753,0.19486404833836857,Novick,Novick,,,source_only
2026,city_council,Portland City Council,3,2026|3|orestar|novick,Novick,Mega,975917.12,141,1081644.06,662,0.9022534825365749,0.21299093655589124,Novick,Novick,,,source_only
2026,city_council,Portland City Council,3,2026|3|orestar|sollitt,Sollitt,Micro,255.75,25,2660.56,40,0.09612637940884626,0.625,Sollitt,Sollitt,,,source_only
2026,city_council,Portland City Council,3,2026|3|orestar|sollitt,Sollitt,Small,333.37,5,2660.56,40,0.12530068857684096,0.125,Sollitt,Sollitt,,,source_only
2026,city_council,Portland City Council,3,2026|3|orestar|sollitt,Sollitt,Medium,1165.55,8,2660.56,40,0.43808446342123464,0.2,Sollitt,Sollitt,,,source_only
2026,city_council,Portland City Council,3,2026|3|orestar|sollitt,Sollitt,Large,905.89,2,2660.56,40,0.34048846859307813,0.05,Sollitt,Sollitt,,,source_only
2026,city_council,Portland City Council,3,2026|3|orestar|sollitt,Sollitt,Mega,0.0,0,2660.56,40,0.0,0.0,Sollitt,Sollitt,,,source_only
2026,city_council,Portland City Council,3,2026|3|orestar|zimmerman,Zimmerman,Micro,70.78,14,7901.029999999999,35,0.008958325686650982,0.4,Zimmerman,Zimmerman,,,source_only
2026,city_council,Portland City Council,3,2026|3|orestar|zimmerman,Zimmerman,Small,212.13,6,7901.029999999999,35,0.026848398246810862,0.17142857142857143,Zimmerman,Zimmerman,,,source_only
2026,city_council,Portland City Council,3,2026|3|orestar|zimmerman,Zimmerman,Medium,884.56,5,7901.029999999999,35,0.11195502358553253,0.14285714285714285,Zimmerman,Zimmerman,,,source_only
2026,city_council,Portland City Council,3,2026|3|orestar|zimmerman,Zimmerman,Large,5233.5599999999995,9,7901.029999999999,35,0.6623895871804056,0.2571428571428571,Zimmerman,Zimmerman,,,source_only
2026,city_council,Portland City Council,3,2026|3|orestar|zimmerman,Zimmerman,Mega,1500.0,1,7901.029999999999,35,0.18984866530060007,0.02857142857142857,Zimmerman,Zimmerman,,,source_only
2026,city_council,Portland City Council,4,2026|4|orestar|arnold,Arnold,Micro,637.0699999999999,43,118453.0,205,0.0053782512895409985,0.2097560975609756,Arnold,Arnold,,,source_only
2026,city_council,Portland City Council,4,2026|4|orestar|arnold,Arnold,Small,3254.17,57,118453.0,205,0.027472246376199844,0.2780487804878049,Arnold,Arnold,,,source_only
2026,city_council,Portland City Council,4,2026|4|orestar|arnold,Arnold,Medium,7356.61,42,118453.0,205,0.06210572969869906,0.2048780487804878,Arnold,Arnold,,,source_only
2026,city_council,Portland City Council,4,2026|4|orestar|arnold,Arnold,Large,19120.36,31,118453.0,205,0.16141727098511646,0.15121951219512195,Arnold,Arnold,,,source_only
2026,city_council,Portland City Council,4,2026|4|orestar|arnold,Arnold,Mega,88084.79,32,118453.0,205,0.7436265016504435,0.15609756097560976,Arnold,Arnold,,,source_only
2026,city_council,Portland City Council,4,2026|4|orestar|clark,Clark,Micro,251.78,19,194106.54,147,0.0012971227038511943,0.1292517006802721,Clark,Clark,,,source_only
2026,city_council,Portland City Council,4,2026|4|orestar|clark,Clark,Small,2564.4,44,194106.54,147,0.013211301381189939,0.29931972789115646,Clark,Clark,,,source_only
2026,city_council,Portland City Council,4,2026|4|orestar|clark,Clark,Medium,3607.19,23,194106.54,147,0.018583557256751884,0.1564625850340136,Clark,Clark,,,source_only
2026,city_council,Portland City Council,4,2026|4|orestar|clark,Clark,Large,24257.29,35,194106.54,147,0.12496894746565469,0.23809523809523808,Clark,Clark,,,source_only
2026,city_council,Portland City Council,4,2026|4|orestar|clark,Clark,Mega,163425.88,26,194106.54,147,0.8419390711925523,0.17687074829931973,Clark,Clark,,,source_only
2026,city_council,Portland City Council,4,2026|4|orestar|evenstar,Evenstar,Micro,384.83,60,3474.7,71,0.11075200736754252,0.8450704225352113,Evenstar,Evenstar,,,source_only
2026,city_council,Portland City Council,4,2026|4|orestar|evenstar,Evenstar,Small,219.15,4,3474.7,71,0.06307019311019657,0.056338028169014086,Evenstar,Evenstar,,,source_only
2026,city_council,Portland City Council,4,2026|4|orestar|evenstar,Evenstar,Medium,616.54,4,3474.7,71,0.17743690102742682,0.056338028169014086,Evenstar,Evenstar,,,source_only
2026,city_council,Portland City Council,4,2026|4|orestar|evenstar,Evenstar,Large,792.48,2,3474.7,71,0.22807148818603046,0.028169014084507043,Evenstar,Evenstar,,,source_only
2026,city_council,Portland City Council,4,2026|4|orestar|evenstar,Evenstar,Mega,1461.7,1,3474.7,71,0.42066941030880367,0.014084507042253521,Evenstar,Evenstar,,,source_only
2026,city_council,Portland City Council,4,2026|4|orestar|goldsmith,Goldsmith,Micro,0.89,1,330.89,3,0.0026897156154613317,0.3333333333333333,Goldsmith,Goldsmith,,,source_only
2026,city_council,Portland City Council,4,2026|4|orestar|goldsmith,Goldsmith,Small,55.0,1,330.89,3,0.16621838073075645,0.3333333333333333,Goldsmith,Goldsmith,,,source_only
2026,city_council,Portland City Council,4,2026|4|orestar|goldsmith,Goldsmith,Medium,0.0,0,330.89,3,0.0,0.0,Goldsmith,Goldsmith,,,source_only
2026,city_council,Portland City Council,4,2026|4|orestar|goldsmith,Goldsmith,Large,275.0,1,330.89,3,0.8310919036537823,0.3333333333333333,Goldsmith,Goldsmith,,,source_only
2026,city_council,Portland City Council,4,2026|4|orestar|goldsmith,Goldsmith,Mega,0.0,0,330.89,3,0.0,0.0,Goldsmith,Goldsmith,,,source_only
2026,city_council,Portland City Council,4,2026|4|orestar|green,Green,Micro,2226.19,352,204973.06999999998,613,0.010860890164742131,0.5742251223491027,Green,Green,,,source_only
2026,city_council,Portland City Council,4,2026|4|orestar|green,Green,Small,5317.65,99,204973.06999999998,613,0.025943164143465286,0.16150081566068517,Green,Green,,,source_only
2026,city_council,Portland City Council,4,2026|4|orestar|green,Green,Medium,8980.22,52,204973.06999999998,613,0.043811706581747545,0.08482871125611746,Green,Green,,,source_only
2026,city_council,Portland City Council,4,2026|4|orestar|green,Green,Large,35574.93,56,204973.06999999998,613,0.17355904363436622,0.09135399673735727,Green,Green,,,source_only
2026,city_council,Portland City Council,4,2026|4|orestar|green,Green,Mega,152874.08,54,204973.06999999998,613,0.7458251954756788,0.08809135399673736,Green,Green,,,source_only
2026,city_council,Portland City Council,4,2026|4|orestar|smith,Smith,Micro,741.25,196,28203.510000000002,251,0.026282189699083552,0.7808764940239044,Smith,Smith,,,source_only
2026,city_council,Portland City Council,4,2026|4|orestar|smith,Smith,Small,559.47,12,28203.510000000002,251,0.01983689264208604,0.04780876494023904,Smith,Smith,,,source_only
2026,city_council,Portland City Council,4,2026|4|orestar|smith,Smith,Medium,2077.79,11,28203.510000000002,251,0.07367132672493601,0.043824701195219126,Smith,Smith,,,source_only
2026,city_council,Portland City Council,4,2026|4|orestar|smith,Smith,Large,14525.0,28,28203.510000000002,251,0.5150068200731044,0.11155378486055777,Smith,Smith,,,source_only
2026,city_council,Portland City Council,4,2026|4|orestar|smith,Smith,Mega,10300.0,4,28203.510000000002,251,0.36520277086079,0.01593625498007968,Smith,Smith,,,source_only
2026,city_council,Portland City Council,4,2026|4|orestar|thompson,Thompson,Micro,155.72,21,11191.400000000001,51,0.013914255589113068,0.4117647058823529,Thompson,Thompson,,,source_only
2026,city_council,Portland City Council,4,2026|4|orestar|thompson,Thompson,Small,407.82,9,11191.400000000001,51,0.036440481083689254,0.17647058823529413,Thompson,Thompson,,,source_only
2026,city_council,Portland City Council,4,2026|4|orestar|thompson,Thompson,Medium,1337.8899999999999,9,11191.400000000001,51,0.1195462587343853,0.17647058823529413,Thompson,Thompson,,,source_only
2026,city_council,Portland City Council,4,2026|4|orestar|thompson,Thompson,Large,4189.97,9,11191.400000000001,51,0.374391943814,0.17647058823529413,Thompson,Thompson,,,source_only
2026,city_council,Portland City Council,4,2026|4|orestar|thompson,Thompson,Mega,5100.0,3,11191.400000000001,51,0.45570706077881223,0.058823529411764705,Thompson,Thompson,,,source_only
2026,city_council,Portland City Council,4,2026|4|orestar|zimmerman,Zimmerman,Micro,388.4,28,293433.33999999997,192,0.0013236396382224325,0.14583333333333334,Zimmerman,Zimmerman,,,source_only
2026,city_council,Portland City Council,4,2026|4|orestar|zimmerman,Zimmerman,Small,2984.08,56,293433.33999999997,192,0.010169532882664254,0.2916666666666667,Zimmerman,Zimmerman,,,source_only
2026,city_council,Portland City Council,4,2026|4|orestar|zimmerman,Zimmerman,Medium,3792.89,23,293433.33999999997,192,0.012925899967604227,0.11979166666666667,Zimmerman,Zimmerman,,,source_only
2026,city_council,Portland City Council,4,2026|4|orestar|zimmerman,Zimmerman,Large,26446.39,47,293433.33999999997,192,0.09012742042196024,0.24479166666666666,Zimmerman,Zimmerman,,,source_only
2026,city_council,Portland City Council,4,2026|4|orestar|zimmerman,Zimmerman,Mega,259821.58,38,293433.33999999997,192,0.885453507089549,0.19791666666666666,Zimmerman,Zimmerman,,,source_only
