candidate_key,canonical_candidate,district,is_viable,fundraising,mentions,predicted,residual,money_measure,outcome_measure,district_r_squared,first_place_votes,total_spending
2024|1|timur ender,Timur Ender,1,True,61809.84,16858.0,19069.020383270166,-2211.0203832701663,Fundraising,mentions,0.9328102761822203,,
2024|1|terrence hayes,Terrence Hayes,1,True,36108.05,15967.0,17108.633258449612,-1141.6332584496122,Fundraising,mentions,0.9328102761822203,,
2024|1|loretta smith,Loretta Smith,1,True,43744.96,17984.0,17808.329765803093,175.67023419690668,Fundraising,mentions,0.9328102761822203,,
2024|1|deian salazar,Deian Salazar,1,False,1380.0,5262.0,5205.812703421085,56.187296578915266,Fundraising,mentions,0.9328102761822203,,
2024|1|noah ernst,Noah Ernst,1,True,12993.18,11606.0,13381.253542413542,-1775.2535424135422,Fundraising,mentions,0.9328102761822203,,
2024|1|jamie dunphy,Jamie Dunphy,1,True,35174.53,18470.0,17013.108100026933,1456.8918999730668,Fundraising,mentions,0.9328102761822203,,
2024|1|doug clove,Doug Clove,1,False,1505.0,7593.0,5521.821915829791,2071.1780841702093,Fundraising,mentions,0.9328102761822203,,
2024|1|joe furi,Joe Furi,1,False,813.95,4070.0,3282.255959099064,787.7440409009359,Fundraising,mentions,0.9328102761822203,,
2024|1|cayle tern,Cayle Tern,1,False,7395.0,9061.0,11325.946046635927,-2264.946046635927,Fundraising,mentions,0.9328102761822203,,
2024|1|thomas shervey,Thomas Shervey,1,False,1060.0,3507.0,4244.479924771327,-737.4799247713272,Fundraising,mentions,0.9328102761822203,,
2024|1|steph routh,Steph Routh,1,True,76006.71,20440.0,19823.058140312918,616.9418596870819,Fundraising,mentions,0.9328102761822203,,
2024|1|candace avalos,Candace Avalos,1,True,58893.8,22267.0,18892.7759820344,3374.2240179656,Fundraising,mentions,0.9328102761822203,,
2024|1|david linn,David Linn,1,False,4776.99,9324.0,9732.504277931817,-408.50427793181734,Fundraising,mentions,0.9328102761822203,,
2024|2|chris olson,Chris Olson,2,False,7272.45,7509.0,8111.090006673025,-602.0900066730246,Fundraising,mentions,0.5613710329946147,,
2024|2|sam sachs,Sam Sachs,2,False,4349.01,2824.0,4186.971310095658,-1362.9713100956578,Fundraising,mentions,0.5613710329946147,,
2024|2|debbie kitchin,Debbie Kitchin,2,False,34884.88,9088.0,20079.583614340183,-10991.583614340183,Fundraising,mentions,0.5613710329946147,,
2024|2|laura streib,Laura Streib,2,False,10718.42,4848.0,11071.636340096142,-6223.636340096142,Fundraising,mentions,0.5613710329946147,,
2024|2|marnie glickman,Marnie Glickman,2,True,34318.0,20718.0,19954.520652459527,763.4793475404731,Fundraising,mentions,0.5613710329946147,,
2024|2|nat west,Nat West,2,True,51915.64,30666.0,23114.412440530374,7551.587559469626,Fundraising,mentions,0.5613710329946147,,
2024|2|elana pirtle guiney,Elana Pirtle-Guiney,2,True,47039.93,34268.0,22361.56803538048,11906.431964619522,Fundraising,mentions,0.5613710329946147,,
2024|2|james armstrong,James Armstrong,2,False,25246.18,13504.0,17611.09448823257,-4107.094488232571,Fundraising,mentions,0.5613710329946147,,
2024|2|michael mike marshall,Michael (Mike) Marshall,2,False,55074.82,15684.0,23565.34546305552,-7881.345463055521,Fundraising,mentions,0.5613710329946147,,
2024|2|jennifer park,Jennifer Park,2,False,15950.86,11124.0,14106.168937921742,-2982.1689379217423,Fundraising,mentions,0.5613710329946147,,
2024|2|will mespelt,Will Mespelt,2,False,1215.0,3884.0,-5543.018163927605,9427.018163927605,Fundraising,mentions,0.5613710329946147,,
2024|2|mariah hudson,Mariah Hudson,2,True,74201.68,20051.0,25840.868542899712,-5789.868542899712,Fundraising,mentions,0.5613710329946147,,
2024|2|sameer kanal,Sameer Kanal,2,True,34711.76,31168.0,20041.60737402484,11126.39262597516,Fundraising,mentions,0.5613710329946147,,
2024|2|dan ryan,Dan Ryan,2,True,120133.0,34116.0,29518.838336200948,4597.161663799052,Fundraising,mentions,0.5613710329946147,,
2024|2|nabil zaghloul,Nabil Zaghloul,2,False,26484.0,6482.0,17976.47400618781,-11494.474006187811,Fundraising,mentions,0.5613710329946147,,
2024|2|bob simril,Bob Simril,2,False,26230.0,11062.0,17902.91104391597,-6840.91104391597,Fundraising,mentions,0.5613710329946147,,
2024|2|jonathan tasini,Jonathan Tasini,2,True,49453.07,22140.0,22743.453254387525,-603.4532543875248,Fundraising,mentions,0.5613710329946147,,
2024|2|tiffani penson,Tiffani Penson,2,True,80381.24,30148.0,26451.510309320918,3696.489690679082,Fundraising,mentions,0.5613710329946147,,
2024|2|michelle depass,Michelle DePass,2,True,32578.29,32612.0,19557.39828052897,13054.60171947103,Fundraising,mentions,0.5613710329946147,,
2024|2|reuben berlin,Reuben Berlin,2,False,6309.98,3784.0,7027.56572767593,-3243.5657276759302,Fundraising,mentions,0.5613710329946147,,
2024|3|angelita morillo,Angelita Morillo,3,True,64641.17,47477.0,37092.2152445368,10384.784755463203,Fundraising,mentions,0.7510150526226063,,
2024|3|ahlam k osman,Ahlam K Osman,3,False,9002.06,12133.0,16034.887521321303,-3901.887521321303,Fundraising,mentions,0.7510150526226063,,
2024|3|steve novick,Steve Novick,3,True,87240.55,51189.0,40294.80640276801,10894.193597231992,Fundraising,mentions,0.7510150526226063,,
2024|3|harrison kass,Harrison Kass,3,False,16057.89,9223.0,22216.503558152108,-12993.503558152108,Fundraising,mentions,0.7510150526226063,,
2024|3|luke zak,Luke Zak,3,False,9730.62,8581.0,16866.111575889285,-8285.111575889285,Fundraising,mentions,0.7510150526226063,,
2024|3|chris flanary,Chris Flanary,3,False,17826.94,20728.0,23332.81184555081,-2604.8118455508084,Fundraising,mentions,0.7510150526226063,,
2024|3|jonathan jon walker,Jonathan (Jon) Walker,3,False,3842.5,8736.0,6942.624968459044,1793.3750315409561,Fundraising,mentions,0.7510150526226063,,
2024|3|tiffany koyama lane,Tiffany Koyama Lane,3,True,88689.62,45876.0,40470.77449035234,5405.225509647658,Fundraising,mentions,0.7510150526226063,,
2024|3|kelly janes kj,Kelly Janes (KJ),3,False,4730.0,2684.0,9161.83131519401,-6477.831315194009,Fundraising,mentions,0.7510150526226063,,
2024|3|dan gilk,Dan Gilk,3,False,3490.0,3130.0,5915.074147391802,-2785.0741473918024,Fundraising,mentions,0.7510150526226063,,
2024|3|theo hathaway saner,Theo Hathaway Saner,3,False,7504.99,3525.0,14092.236891965527,-10567.236891965527,Fundraising,mentions,0.7510150526226063,,
2024|3|jesse cornett,Jesse Cornett,3,True,52912.46,31392.0,34953.592908490755,-3561.592908490755,Fundraising,mentions,0.7510150526226063,,
2024|3|matthew matt anderson,Matthew (Matt) Anderson,3,False,710.0,4506.0,-11082.782433312634,15588.782433312634,Fundraising,mentions,0.7510150526226063,,
2024|3|rex burkholder,Rex Burkholder,3,True,39230.39,29335.0,31757.76519864345,-2422.7651986434503,Fundraising,mentions,0.7510150526226063,,
2024|3|philippe knab,Philippe Knab,3,False,5115.0,19531.0,9997.546364597525,9533.453635402475,Fundraising,mentions,0.7510150526226063,,
2024|4|mitch green,Mitch Green,4,True,60464.56,33043.0,24641.521214672488,8401.478785327512,Fundraising,mentions,0.37418439783999424,,
2024|4|mike dinapoli,Mike DiNapoli,4,False,7289.0,3001.0,15078.128287605126,-12077.128287605126,Fundraising,mentions,0.37418439783999424,,
2024|4|moses ross,Moses Ross,4,False,27896.63,5238.0,21144.78461726384,-15906.784617263838,Fundraising,mentions,0.37418439783999424,,
2024|4|michael trimble,Michael Trimble,4,False,509.0,1856.0,3054.3391047959485,-1198.3391047959485,Fundraising,mentions,0.37418439783999424,,
2024|4|andra vltavin,Andra Vltavín,4,False,800.0,6504.0,5095.110639646122,1408.8893603538781,Fundraising,mentions,0.37418439783999424,,
2024|4|stanley penkin,Stanley Penkin,4,False,61847.0,9570.0,24743.710342373306,-15173.710342373306,Fundraising,mentions,0.37418439783999424,,
2024|4|eli arnold,Eli Arnold,4,True,50778.15,34636.0,23852.2992200515,10783.7007799485,Fundraising,mentions,0.37418439783999424,,
2024|4|chad lykins,Chad Lykins,4,True,47007.66,25423.0,23503.526146403943,1919.4738535960569,Fundraising,mentions,0.37418439783999424,,
2024|4|eric zimmerman,Eric Zimmerman,4,True,41878.55,36731.0,22981.256151465153,13749.743848534847,Fundraising,mentions,0.37418439783999424,,
2024|4|sarah silkie,Sarah Silkie,4,True,25477.64,32039.0,20734.771305400747,11304.228694599253,Fundraising,mentions,0.37418439783999424,,
2024|4|lisa freeman,Lisa Freeman,4,True,25827.58,21644.0,20796.435966861878,847.5640331381219,Fundraising,mentions,0.37418439783999424,,
2024|4|bob weinstein,Bob Weinstein,4,True,33919.91,20934.0,22028.492727709607,-1094.4927277096067,Fundraising,mentions,0.37418439783999424,,
2024|4|chris henry,Chris Henry,4,False,5474.24,3199.0,13784.062172614125,-10585.062172614125,Fundraising,mentions,0.37418439783999424,,
2024|4|tony morse,Tony Morse,4,False,41809.6,13246.0,22973.807553468476,-9727.807553468476,Fundraising,mentions,0.37418439783999424,,
2024|4|olivia clark,Olivia Clark,4,True,95639.0,45205.0,26714.238863830862,18490.761136169138,Fundraising,mentions,0.37418439783999424,,
2024|4|john toran,John Toran,4,False,180.0,8652.0,-1628.4876615271896,10280.48766152719,Fundraising,mentions,0.37418439783999424,,
2024|4|ben hufford,Ben Hufford,4,False,49074.17,12275.0,23698.00334736381,-11423.00334736381,Fundraising,mentions,0.37418439783999424,,
2024|1|timur ender,Timur Ender,1,True,61809.84,,5148.355045733535,-1598.355045733535,Fundraising,first_place_votes,0.6832160810019223,3550.0,
2024|1|terrence hayes,Terrence Hayes,1,True,36108.05,,4517.03255531976,-542.0325553197599,Fundraising,first_place_votes,0.6832160810019223,3975.0,
2024|1|loretta smith,Loretta Smith,1,True,43744.96,,4742.362611798606,843.6373882013941,Fundraising,first_place_votes,0.6832160810019223,5586.0,
2024|1|deian salazar,Deian Salazar,1,False,1380.0,,683.851740873879,36.14825912612105,Fundraising,first_place_votes,0.6832160810019223,720.0,
2024|1|noah ernst,Noah Ernst,1,True,12993.18,,3316.6682929493472,735.3317070506528,Fundraising,first_place_votes,0.6832160810019223,4052.0,
2024|1|jamie dunphy,Jamie Dunphy,1,True,35174.53,,4486.269661527498,577.7303384725019,Fundraising,first_place_votes,0.6832160810019223,5064.0,
2024|1|doug clove,Doug Clove,1,False,1505.0,,785.6192542622484,912.3807457377516,Fundraising,first_place_votes,0.6832160810019223,1698.0,
2024|1|joe furi,Joe Furi,1,False,813.95,,64.39009531305692,290.6099046869431,Fundraising,first_place_votes,0.6832160810019223,355.0,
2024|1|cayle tern,Cayle Tern,1,False,7395.0,,2654.777674320032,-1943.777674320032,Fundraising,first_place_votes,0.6832160810019223,711.0,
2024|1|thomas shervey,Thomas Shervey,1,False,1060.0,,374.26441689616695,10.73558310383305,Fundraising,first_place_votes,0.6832160810019223,385.0,
2024|1|steph routh,Steph Routh,1,True,76006.71,,5391.185142205333,-1497.1851422053332,Fundraising,first_place_votes,0.6832160810019223,3894.0,
2024|1|candace avalos,Candace Avalos,1,True,58893.8,,5091.597350837004,3205.4026491629957,Fundraising,first_place_votes,0.6832160810019223,8297.0,
2024|1|david linn,David Linn,1,False,4776.99,,2141.6261579634393,-1030.6261579634393,Fundraising,first_place_votes,0.6832160810019223,1111.0,
2024|2|chris olson,Chris Olson,2,False,7272.45,,1376.1616367146016,-143.16163671460163,Fundraising,first_place_votes,0.33937895870311896,1233.0,
2024|2|sam sachs,Sam Sachs,2,False,4349.01,,337.0970165230683,-33.097016523068305,Fundraising,first_place_votes,0.33937895870311896,304.0,
2024|2|debbie kitchin,Debbie Kitchin,2,False,34884.88,,4545.290612237761,-3317.290612237761,Fundraising,first_place_votes,0.33937895870311896,1228.0,
2024|2|laura streib,Laura Streib,2,False,10718.42,,2160.0826109146983,-1453.0826109146983,Fundraising,first_place_votes,0.33937895870311896,707.0,
2024|2|marnie glickman,Marnie Glickman,2,True,34318.0,,4512.175278825471,-515.1752788254707,Fundraising,first_place_votes,0.33937895870311896,3997.0,
2024|2|nat west,Nat West,2,True,51915.64,,5348.880795272238,113.11920472776183,Fundraising,first_place_votes,0.33937895870311896,5462.0,
2024|2|elana pirtle guiney,Elana Pirtle-Guiney,2,True,47039.93,,5149.53565655799,7297.46434344201,Fundraising,first_place_votes,0.33937895870311896,12447.0,
2024|2|james armstrong,James Armstrong,2,False,25246.18,,3891.661118689801,-2415.661118689801,Fundraising,first_place_votes,0.33937895870311896,1476.0,
2024|2|michael mike marshall,Michael (Mike) Marshall,2,False,55074.82,,5468.2830320574285,-3822.2830320574285,Fundraising,first_place_votes,0.33937895870311896,1646.0,
2024|2|jennifer park,Jennifer Park,2,False,15950.86,,2963.594355849582,-1849.594355849582,Fundraising,first_place_votes,0.33937895870311896,1114.0,
2024|2|will mespelt,Will Mespelt,2,False,1215.0,,-2239.300029293021,2998.300029293021,Fundraising,first_place_votes,0.33937895870311896,759.0,
2024|2|mariah hudson,Mariah Hudson,2,True,74201.68,,6070.817182402479,-3783.8171824024794,Fundraising,first_place_votes,0.33937895870311896,2287.0,
2024|2|sameer kanal,Sameer Kanal,2,True,34711.76,,4535.2349103666675,5388.7650896333325,Fundraising,first_place_votes,0.33937895870311896,9924.0,
2024|2|dan ryan,Dan Ryan,2,True,120133.0,,7044.704208216899,5002.295791783101,Fundraising,first_place_votes,0.33937895870311896,12047.0,
2024|2|nabil zaghloul,Nabil Zaghloul,2,False,26484.0,,3988.409703379926,-3154.409703379926,Fundraising,first_place_votes,0.33937895870311896,834.0,
2024|2|bob simril,Bob Simril,2,False,26230.0,,3968.93101851756,-1448.93101851756,Fundraising,first_place_votes,0.33937895870311896,2520.0,
2024|2|jonathan tasini,Jonathan Tasini,2,True,49453.07,,5250.654774180606,-1846.6547741806062,Fundraising,first_place_votes,0.33937895870311896,3404.0,
2024|2|tiffani penson,Tiffani Penson,2,True,80381.24,,6232.508584768304,985.491415231696,Fundraising,first_place_votes,0.33937895870311896,7218.0,
2024|2|michelle depass,Michelle DePass,2,True,32578.29,,4407.021526233966,2430.978473766034,Fundraising,first_place_votes,0.33937895870311896,6838.0,
2024|2|reuben berlin,Reuben Berlin,2,False,6309.98,,1089.2560075840702,-433.2560075840702,Fundraising,first_place_votes,0.33937895870311896,656.0,
2024|3|angelita morillo,Angelita Morillo,3,True,64641.17,,10707.979778539502,5691.020221460498,Fundraising,first_place_votes,0.5664714722565909,16399.0,
2024|3|ahlam k osman,Ahlam K Osman,3,False,9002.06,,3376.4154430049275,-2667.4154430049275,Fundraising,first_place_votes,0.5664714722565909,709.0,
2024|3|steve novick,Steve Novick,3,True,87240.55,,11823.031195586114,8633.968804413886,Fundraising,first_place_votes,0.5664714722565909,20457.0,
2024|3|harrison kass,Harrison Kass,3,False,16057.89,,5528.67883878385,-2742.6788387838496,Fundraising,first_place_votes,0.5664714722565909,2786.0,
2024|3|luke zak,Luke Zak,3,False,9730.62,,3665.82408561205,-3117.82408561205,Fundraising,first_place_votes,0.5664714722565909,548.0,
2024|3|chris flanary,Chris Flanary,3,False,17826.94,,5917.345726383781,-4675.345726383781,Fundraising,first_place_votes,0.5664714722565909,1242.0,
2024|3|jonathan jon walker,Jonathan (Jon) Walker,3,False,3842.5,,210.74747515595664,1111.2525248440434,Fundraising,first_place_votes,0.5664714722565909,1322.0,
2024|3|tiffany koyama lane,Tiffany Koyama Lane,3,True,88689.62,,11884.298293295917,4435.701706704083,Fundraising,first_place_votes,0.5664714722565909,16320.0,
2024|3|kelly janes kj,Kelly Janes (KJ),3,False,4730.0,,983.4121892533803,-758.4121892533803,Fundraising,first_place_votes,0.5664714722565909,225.0,
2024|3|dan gilk,Dan Gilk,3,False,3490.0,,-147.01657979485753,477.01657979485753,Fundraising,first_place_votes,0.5664714722565909,330.0,
2024|3|theo hathaway saner,Theo Hathaway Saner,3,False,7504.99,,2700.039586685507,-2481.039586685507,Fundraising,first_place_votes,0.5664714722565909,219.0,
2024|3|jesse cornett,Jesse Cornett,3,True,52912.46,,9963.372131632514,-6103.372131632514,Fundraising,first_place_votes,0.5664714722565909,3860.0,
2024|3|matthew matt anderson,Matthew (Matt) Anderson,3,False,710.0,,-6065.188188542299,6820.188188542299,Fundraising,first_place_votes,0.5664714722565909,755.0,
2024|3|rex burkholder,Rex Burkholder,3,True,39230.39,,8850.675555504396,-4899.6755555043965,Fundraising,first_place_votes,0.5664714722565909,3951.0,
2024|3|philippe knab,Philippe Knab,3,False,5115.0,,1274.3844688993522,276.6155311006478,Fundraising,first_place_votes,0.5664714722565909,1551.0,
2024|4|mitch green,Mitch Green,4,True,60464.56,,6030.525406365767,4356.474593634233,Fundraising,first_place_votes,0.26124044051056905,10387.0,
2024|4|mike dinapoli,Mike DiNapoli,4,False,7289.0,,3186.84103443242,-2871.84103443242,Fundraising,first_place_votes,0.26124044051056905,315.0,
2024|4|moses ross,Moses Ross,4,False,27896.63,,4990.767311027568,-4412.767311027568,Fundraising,first_place_votes,0.26124044051056905,578.0,
2024|4|michael trimble,Michael Trimble,4,False,509.0,,-388.44460439165596,618.444604391656,Fundraising,first_place_votes,0.26124044051056905,230.0,
2024|4|andra vltavin,Andra Vltavín,4,False,800.0,,218.3808355539004,1136.6191644460996,Fundraising,first_place_votes,0.26124044051056905,1355.0,
2024|4|stanley penkin,Stanley Penkin,4,False,61847.0,,6060.911444839816,-4968.911444839816,Fundraising,first_place_votes,0.26124044051056905,1092.0,
2024|4|eli arnold,Eli Arnold,4,True,50778.15,,5795.849463506856,2327.1505364931436,Fundraising,first_place_votes,0.26124044051056905,8123.0,
2024|4|chad lykins,Chad Lykins,4,True,47007.66,,5692.1414441410925,-935.1414441410925,Fundraising,first_place_votes,0.26124044051056905,4757.0,
2024|4|eric zimmerman,Eric Zimmerman,4,True,41878.55,,5536.843943153379,2468.156056846621,Fundraising,first_place_votes,0.26124044051056905,8005.0,
2024|4|sarah silkie,Sarah Silkie,4,True,25477.64,,4868.849446089727,-453.8494460897273,Fundraising,first_place_votes,0.26124044051056905,4415.0,
2024|4|lisa freeman,Lisa Freeman,4,True,25827.58,,4887.18549433483,-1138.1854943348299,Fundraising,first_place_votes,0.26124044051056905,3749.0,
2024|4|bob weinstein,Bob Weinstein,4,True,33919.91,,5253.538794139262,-1362.5387941392619,Fundraising,first_place_votes,0.26124044051056905,3891.0,
2024|4|chris henry,Chris Henry,4,False,5474.24,,2802.04919167198,-2501.04919167198,Fundraising,first_place_votes,0.26124044051056905,301.0,
2024|4|tony morse,Tony Morse,4,False,41809.6,,5534.629095151471,-3530.629095151471,Fundraising,first_place_votes,0.26124044051056905,2004.0,
2024|4|olivia clark,Olivia Clark,4,True,95639.0,,6646.850055085346,12491.149944914654,Fundraising,first_place_votes,0.26124044051056905,19138.0,
2024|4|john toran,John Toran,4,False,180.0,,-1780.8877878328094,2832.8877878328094,Fundraising,first_place_votes,0.26124044051056905,1052.0,
2024|4|ben hufford,Ben Hufford,4,False,49074.17,,5749.969432730966,-4055.969432730966,Fundraising,first_place_votes,0.26124044051056905,1694.0,
2024|1|timur ender,Timur Ender,1,True,,16858.0,16621.068336373028,236.9316636269723,Spending,mentions,0.8177980470929344,,157642.42
2024|1|terrence hayes,Terrence Hayes,1,True,,15967.0,15231.973806150712,735.0261938492877,Spending,mentions,0.8177980470929344,,92626.13
2024|1|loretta smith,Loretta Smith,1,True,,17984.0,22443.05080718276,-4459.050807182761,Spending,mentions,0.8177980470929344,,1464141.21
2024|1|deian salazar,Deian Salazar,1,False,,5262.0,7772.228867532052,-2510.2288675320524,Spending,mentions,0.8177980470929344,,5326.85
2024|1|noah ernst,Noah Ernst,1,True,,11606.0,14098.88439334467,-2492.8843933446697,Spending,mentions,0.8177980470929344,,60028.06
2024|1|joe furi,Joe Furi,1,False,,4070.0,2653.97583478456,1416.02416521544,Spending,mentions,0.8177980470929344,,750.0
2024|1|cayle tern,Cayle Tern,1,False,,9061.0,10143.012847030153,-1082.0128470301534,Spending,mentions,0.8177980470929344,,13202.71
2024|1|thomas shervey,Thomas Shervey,1,False,,3507.0,5491.177619560673,-1984.1776195606726,Spending,mentions,0.8177980470929344,,2223.98
2024|1|steph routh,Steph Routh,1,True,,20440.0,17266.28528192962,3173.7147180703796,Spending,mentions,0.8177980470929344,,201809.37
2024|1|candace avalos,Candace Avalos,1,True,,22267.0,16926.896401204147,5340.103598795853,Spending,mentions,0.8177980470929344,,177221.93
2024|1|david linn,David Linn,1,False,,9324.0,7697.445804907646,1626.5541950923543,Spending,mentions,0.8177980470929344,,5176.49
2024|2|chris olson,Chris Olson,2,False,,7509.0,13421.32551621557,-5912.325516215569,Spending,mentions,0.5015628846190673,,42466.85
2024|2|sam sachs,Sam Sachs,2,False,,2824.0,-3275.8938218357944,6099.893821835794,Spending,mentions,0.5015628846190673,,5480.68
2024|2|debbie kitchin,Debbie Kitchin,2,False,,9088.0,17567.417590162688,-8479.417590162688,Spending,mentions,0.5015628846190673,,70605.48
2024|2|laura streib,Laura Streib,2,False,,4848.0,10711.831359408112,-5863.831359408112,Spending,mentions,0.5015628846190673,,30462.27
2024|2|marnie glickman,Marnie Glickman,2,True,,20718.0,22760.15679189848,-2042.1567918984802,Spending,mentions,0.5015628846190673,,133462.97
2024|2|nat west,Nat West,2,True,,30666.0,22616.96090809586,8049.039091904138,Spending,mentions,0.5015628846190673,,131140.06
2024|2|elana pirtle guiney,Elana Pirtle-Guiney,2,True,,34268.0,19124.415553116007,15143.584446883993,Spending,mentions,0.5015628846190673,,85457.75
2024|2|james armstrong,James Armstrong,2,False,,13504.0,16738.815702468914,-3234.8157024689135,Spending,mentions,0.5015628846190673,,63784.29
2024|2|michael mike marshall,Michael (Mike) Marshall,2,False,,15684.0,20481.632024179416,-4797.6320241794165,Spending,mentions,0.5015628846190673,,100931.24
2024|2|jennifer park,Jennifer Park,2,False,,11124.0,14056.241596656342,-2932.241596656342,Spending,mentions,0.5015628846190673,,45905.09
2024|2|will mespelt,Will Mespelt,2,False,,3884.0,5723.08037793015,-1839.0803779301496,Spending,mentions,0.5015628846190673,,16523.17
2024|2|mariah hudson,Mariah Hudson,2,True,,20051.0,23971.025092367257,-3920.0250923672575,Spending,mentions,0.5015628846190673,,154825.11000000002
2024|2|sameer kanal,Sameer Kanal,2,True,,31168.0,20644.446184991408,10523.553815008592,Spending,mentions,0.5015628846190673,,102966.45
2024|2|nabil zaghloul,Nabil Zaghloul,2,False,,6482.0,21162.534445319965,-14680.534445319965,Spending,mentions,0.5015628846190673,,109719.75
2024|2|bob simril,Bob Simril,2,False,,11062.0,18675.6085825474,-7613.6085825474,Spending,mentions,0.5015628846190673,,80881.96
2024|2|jonathan tasini,Jonathan Tasini,2,True,,22140.0,20932.146718476695,1207.8532815233048,Spending,mentions,0.5015628846190673,,106663.61
2024|2|tiffani penson,Tiffani Penson,2,True,,30148.0,23374.83381681604,6773.166183183959,Spending,mentions,0.5015628846190673,,143910.77
2024|2|michelle depass,Michelle DePass,2,True,,32612.0,21996.74932356624,10615.25067643376,Spending,mentions,0.5015628846190673,,121536.89
2024|2|reuben berlin,Reuben Berlin,2,False,,3784.0,880.6722376186372,2903.327762381363,Spending,mentions,0.5015628846190673,,9124.48
2024|3|brian conley,Brian Conley,3,False,,6253.0,1044.625920420236,5208.374079579764,Spending,mentions,0.647460994755946,,2219.4300000000003
2024|3|angelita morillo,Angelita Morillo,3,True,,47477.0,32861.29825089984,14615.70174910016,Spending,mentions,0.647460994755946,,230589.39
2024|3|ahlam k osman,Ahlam K Osman,3,False,,12133.0,21804.555823575487,-9671.555823575487,Spending,mentions,0.647460994755946,,45930.68
2024|3|patrick hilton,Patrick Hilton,3,False,,1462.0,-7133.577546761619,8595.577546761619,Spending,mentions,0.647460994755946,,672.19
2024|3|steve novick,Steve Novick,3,True,,51189.0,43452.79449431122,7736.205505688777,Spending,mentions,0.647460994755946,,1081644.06
2024|3|kezia wanner,Kezia Wanner,3,False,,19435.0,13941.893472564203,5493.106527435797,Spending,mentions,0.647460994755946,,14580.78
2024|3|daniel demelo,Daniel DeMelo,3,False,,11982.0,24472.838399575558,-12490.838399575558,Spending,mentions,0.647460994755946,,67796.95999999999
2024|3|harrison kass,Harrison Kass,3,False,,9223.0,23677.523385629378,-14454.523385629378,Spending,mentions,0.647460994755946,,60367.86
2024|3|luke zak,Luke Zak,3,False,,8581.0,20935.019320148,-12354.019320148,Spending,mentions,0.647460994755946,,40457.04
2024|3|chris flanary,Chris Flanary,3,False,,20728.0,23207.12936582885,-2479.1293658288487,Spending,mentions,0.647460994755946,,56362.95
2024|3|jonathan jon walker,Jonathan (Jon) Walker,3,False,,8736.0,6053.871046915614,2682.128953084386,Spending,mentions,0.647460994755946,,4611.13
2024|3|tiffany koyama lane,Tiffany Koyama Lane,3,True,,45876.0,34865.37704686314,11010.622953136859,Spending,mentions,0.647460994755946,,308922.62
2024|3|kelly janes kj,Kelly Janes (KJ),3,False,,2684.0,10862.016405136099,-8178.016405136099,Spending,mentions,0.647460994755946,,9301.96
2024|3|theo hathaway saner,Theo Hathaway Saner,3,False,,3525.0,12935.340279657416,-9410.340279657416,Spending,mentions,0.647460994755946,,12588.82
2024|3|jesse cornett,Jesse Cornett,3,True,,31392.0,29461.01075272099,1930.9892472790089,Spending,mentions,0.647460994755946,,140392.04
2024|3|philippe knab,Philippe Knab,3,False,,19531.0,7765.283582515134,11765.716417484866,Spending,mentions,0.647460994755946,,5919.57
2024|4|mitch green,Mitch Green,4,True,,33043.0,27403.9114778569,5639.088522143102,Spending,mentions,0.5486779739591896,,197062.06
2024|4|mike dinapoli,Mike DiNapoli,4,False,,3001.0,3543.563668915507,-542.5636689155072,Spending,mentions,0.5486779739591896,,7389.0
2024|4|moses ross,Moses Ross,4,False,,5238.0,23186.08700311678,-17948.08700311678,Spending,mentions,0.5486779739591896,,110289.04
2024|4|michael trimble,Michael Trimble,4,False,,1856.0,-8805.829408652207,10661.829408652207,Spending,mentions,0.5486779739591896,,1349.86
2024|4|stanley penkin,Stanley Penkin,4,False,,9570.0,22854.059451498128,-13284.059451498128,Spending,mentions,0.5486779739591896,,105363.28
2024|4|eli arnold,Eli Arnold,4,True,,34636.0,23073.459989886695,11562.540010113305,Spending,mentions,0.5486779739591896,,108592.89
2024|4|chad lykins,Chad Lykins,4,True,,25423.0,24264.166728026008,1158.833271973992,Spending,mentions,0.5486779739591896,,127926.92
2024|4|eric zimmerman,Eric Zimmerman,4,True,,36731.0,30238.986708848366,6492.013291151634,Spending,mentions,0.5486779739591896,,291095.65
2024|4|bob callahan,Bob Callahan,4,False,,6205.0,11612.469498477098,-5407.469498477098,Spending,mentions,0.5486779739591896,,22430.83
2024|4|sarah silkie,Sarah Silkie,4,True,,32039.0,22619.024273604584,9419.975726395416,Spending,mentions,0.5486779739591896,,102010.01
2024|4|lisa freeman,Lisa Freeman,4,True,,21644.0,19558.0076779476,2085.9923220523997,Spending,mentions,0.5486779739591896,,66943.08
2024|4|bob weinstein,Bob Weinstein,4,True,,20934.0,20941.7873232864,-7.787323286400351,Spending,mentions,0.5486779739591896,,80985.14
2024|4|chris henry,Chris Henry,4,False,,3199.0,13462.91460025886,-10263.91460025886,Spending,mentions,0.5486779739591896,,28935.93
2024|4|tony morse,Tony Morse,4,False,,13246.0,20968.990358990566,-7722.990358990566,Spending,mentions,0.5486779739591896,,81288.87
2024|4|olivia clark,Olivia Clark,4,True,,45205.0,27294.097036694096,17910.902963305904,Spending,mentions,0.5486779739591896,,194106.54
2024|4|chloe mason,Chloe Mason,4,False,,6149.0,4749.860047545189,1399.1399524548106,Spending,mentions,0.5486779739591896,,8723.41
2024|4|john toran,John Toran,4,False,,8652.0,9306.823357112902,-654.8233571129022,Spending,mentions,0.5486779739591896,,16332.26
2024|4|ben hufford,Ben Hufford,4,False,,12275.0,21652.48374867239,-9377.483748672392,Spending,mentions,0.5486779739591896,,89305.67
2024|4|ciatta r thompson,Ciatta R Thompson,4,False,,5439.0,6560.13645791413,-1121.13645791413,Spending,mentions,0.5486779739591896,,11191.4
2024|1|timur ender,Timur Ender,1,True,,,4467.173049208311,-917.1730492083107,Spending,first_place_votes,0.7000187983373336,3550.0,157642.42
2024|1|terrence hayes,Terrence Hayes,1,True,,,3974.030694753418,0.9693052465818255,Spending,first_place_votes,0.7000187983373336,3975.0,92626.13
2024|1|loretta smith,Loretta Smith,1,True,,,6534.034649182161,-948.034649182161,Spending,first_place_votes,0.7000187983373336,5586.0,1464141.21
2024|1|deian salazar,Deian Salazar,1,False,,,1325.747152758182,-605.747152758182,Spending,first_place_votes,0.7000187983373336,720.0,5326.85
2024|1|noah ernst,Noah Ernst,1,True,,,3571.7726995760486,480.2273004239514,Spending,first_place_votes,0.7000187983373336,4052.0,60028.06
2024|1|joe furi,Joe Furi,1,False,,,-491.28350739497,846.28350739497,Spending,first_place_votes,0.7000187983373336,355.0,750.0
2024|1|cayle tern,Cayle Tern,1,False,,,2167.3990116612013,-1456.3990116612013,Spending,first_place_votes,0.7000187983373336,711.0,13202.71
2024|1|thomas shervey,Thomas Shervey,1,False,,,515.951304755783,-130.95130475578299,Spending,first_place_votes,0.7000187983373336,385.0,2223.98
2024|1|steph routh,Steph Routh,1,True,,,4696.231473054418,-802.2314730544176,Spending,first_place_votes,0.7000187983373336,3894.0,201809.37
2024|1|candace avalos,Candace Avalos,1,True,,,4575.745049650256,3721.254950349744,Spending,first_place_votes,0.7000187983373336,8297.0,177221.93
2024|1|david linn,David Linn,1,False,,,1299.1984227951853,-188.19842279518525,Spending,first_place_votes,0.7000187983373336,1111.0,5176.49
2024|2|chris olson,Chris Olson,2,False,,,2718.216229498912,-1485.216229498912,Spending,first_place_votes,0.24358982928794926,1233.0,42466.85
2024|2|sam sachs,Sam Sachs,2,False,,,-944.8252879886386,1248.8252879886386,Spending,first_place_votes,0.24358982928794926,304.0,5480.68
2024|2|debbie kitchin,Debbie Kitchin,2,False,,,3627.78728409864,-2399.78728409864,Spending,first_place_votes,0.24358982928794926,1228.0,70605.48
2024|2|laura streib,Laura Streib,2,False,,,2123.8065025357228,-1416.8065025357228,Spending,first_place_votes,0.24358982928794926,707.0,30462.27
2024|2|marnie glickman,Marnie Glickman,2,True,,,4766.972132805504,-769.9721328055039,Spending,first_place_votes,0.24358982928794926,3997.0,133462.97
2024|2|nat west,Nat West,2,True,,,4735.557772313337,726.4422276866626,Spending,first_place_votes,0.24358982928794926,5462.0,131140.06
2024|2|elana pirtle guiney,Elana Pirtle-Guiney,2,True,,,3969.3620137270755,8477.637986272925,Spending,first_place_votes,0.24358982928794926,12447.0,85457.75
2024|2|james armstrong,James Armstrong,2,False,,,3446.008327097463,-1970.0083270974628,Spending,first_place_votes,0.24358982928794926,1476.0,63784.29
2024|2|michael mike marshall,Michael (Mike) Marshall,2,False,,,4267.108613389542,-2621.1086133895424,Spending,first_place_votes,0.24358982928794926,1646.0,100931.24
2024|2|jennifer park,Jennifer Park,2,False,,,2857.5043298519395,-1743.5043298519395,Spending,first_place_votes,0.24358982928794926,1114.0,45905.09
2024|2|will mespelt,Will Mespelt,2,False,,,1029.3726572597097,-270.37265725970974,Spending,first_place_votes,0.24358982928794926,759.0,16523.17
2024|2|mariah hudson,Mariah Hudson,2,True,,,5032.612822253641,-2745.612822253641,Spending,first_place_votes,0.24358982928794926,2287.0,154825.11000000002
2024|2|sameer kanal,Sameer Kanal,2,True,,,4302.826838000159,5621.173161999841,Spending,first_place_votes,0.24358982928794926,9924.0,102966.45
2024|2|nabil zaghloul,Nabil Zaghloul,2,False,,,4416.485212420712,-3582.485212420712,Spending,first_place_votes,0.24358982928794926,834.0,109719.75
2024|2|bob simril,Bob Simril,2,False,,,3870.902591637305,-1350.9025916373048,Spending,first_place_votes,0.24358982928794926,2520.0,80881.96
2024|2|jonathan tasini,Jonathan Tasini,2,True,,,4365.942676477423,-961.9426764774234,Spending,first_place_votes,0.24358982928794926,3404.0,106663.61
2024|2|tiffani penson,Tiffani Penson,2,True,,,4901.820182443784,2316.179817556216,Spending,first_place_votes,0.24358982928794926,7218.0,143910.77
2024|2|michelle depass,Michelle DePass,2,True,,,4599.495549151341,2238.504450848659,Spending,first_place_votes,0.24358982928794926,6838.0,121536.89
2024|2|reuben berlin,Reuben Berlin,2,False,,,-32.95644697369244,688.9564469736924,Spending,first_place_votes,0.24358982928794926,656.0,9124.48
2024|3|brian conley,Brian Conley,3,False,,,-2055.7758813889814,2561.7758813889814,Spending,first_place_votes,0.5487877744146128,506.0,2219.4300000000003
2024|3|angelita morillo,Angelita Morillo,3,True,,,9853.540110245674,6545.459889754326,Spending,first_place_votes,0.5487877744146128,16399.0,230589.39
2024|3|ahlam k osman,Ahlam K Osman,3,False,,,5714.884815393401,-5005.884815393401,Spending,first_place_votes,0.5487877744146128,709.0,45930.68
2024|3|patrick hilton,Patrick Hilton,3,False,,,-5116.963686414307,5310.963686414307,Spending,first_place_votes,0.5487877744146128,194.0,672.19
2024|3|steve novick,Steve Novick,3,True,,,13818.048851977313,6638.9511480226865,Spending,first_place_votes,0.5487877744146128,20457.0,1081644.06
2024|3|kezia wanner,Kezia Wanner,3,False,,,2771.807377844456,2541.192622155544,Spending,first_place_votes,0.5487877744146128,5313.0,14580.78
2024|3|daniel demelo,Daniel DeMelo,3,False,,,6713.651123273932,-5142.651123273932,Spending,first_place_votes,0.5487877744146128,1571.0,67796.95999999999
2024|3|harrison kass,Harrison Kass,3,False,,,6415.956326168998,-3629.956326168998,Spending,first_place_votes,0.5487877744146128,2786.0,60367.86
2024|3|luke zak,Luke Zak,3,False,,,5389.408132036457,-4841.408132036457,Spending,first_place_votes,0.5487877744146128,548.0,40457.04
2024|3|chris flanary,Chris Flanary,3,False,,,6239.882883786617,-4997.882883786617,Spending,first_place_votes,0.5487877744146128,1242.0,56362.95
2024|3|jonathan jon walker,Jonathan (Jon) Walker,3,False,,,-180.7626030883548,1502.7626030883548,Spending,first_place_votes,0.5487877744146128,1322.0,4611.13
2024|3|tiffany koyama lane,Tiffany Koyama Lane,3,True,,,10603.687938571442,5716.312061428558,Spending,first_place_votes,0.5487877744146128,16320.0,308922.62
2024|3|kelly janes kj,Kelly Janes (KJ),3,False,,,1618.9769111506575,-1393.9769111506575,Spending,first_place_votes,0.5487877744146128,225.0,9301.96
2024|3|theo hathaway saner,Theo Hathaway Saner,3,False,,,2395.043902638652,-2176.043902638652,Spending,first_place_votes,0.5487877744146128,219.0,12588.82
2024|3|jesse cornett,Jesse Cornett,3,True,,,8580.7766402764,-4720.776640276399,Spending,first_place_votes,0.5487877744146128,3860.0,140392.04
2024|3|philippe knab,Philippe Knab,3,False,,,459.83715752753415,1091.1628424724659,Spending,first_place_votes,0.5487877744146128,1551.0,5919.57
2024|4|mitch green,Mitch Green,4,True,,,6717.387834509427,3669.612165490573,Spending,first_place_votes,0.35794064663945746,10387.0,197062.06
2024|4|mike dinapoli,Mike DiNapoli,4,False,,,-32.6328992070994,347.6328992070994,Spending,first_place_votes,0.35794064663945746,315.0,7389.0
2024|4|moses ross,Moses Ross,4,False,,,5524.177958289441,-4946.177958289441,Spending,first_place_votes,0.35794064663945746,578.0,110289.04
2024|4|michael trimble,Michael Trimble,4,False,,,-3526.2391110645713,3756.2391110645713,Spending,first_place_votes,0.35794064663945746,230.0,1349.86
2024|4|stanley penkin,Stanley Penkin,4,False,,,5430.248361137834,-4338.248361137834,Spending,first_place_votes,0.35794064663945746,1092.0,105363.28
2024|4|eli arnold,Eli Arnold,4,True,,,5492.316114507146,2630.6838854928537,Spending,first_place_votes,0.35794064663945746,8123.0,108592.89
2024|4|chad lykins,Chad Lykins,4,True,,,5829.16347459485,-1072.1634745948504,Spending,first_place_votes,0.35794064663945746,4757.0,127926.92
2024|4|eric zimmerman,Eric Zimmerman,4,True,,,7519.42210257937,485.5778974206296,Spending,first_place_votes,0.35794064663945746,8005.0,291095.65
2024|4|bob callahan,Bob Callahan,4,False,,,2250.03632607287,-1362.03632607287,Spending,first_place_votes,0.35794064663945746,888.0,22430.83
2024|4|sarah silkie,Sarah Silkie,4,True,,,5363.757615209157,-948.7576152091569,Spending,first_place_votes,0.35794064663945746,4415.0,102010.01
2024|4|lisa freeman,Lisa Freeman,4,True,,,4497.8052136606675,-748.8052136606675,Spending,first_place_votes,0.35794064663945746,3749.0,66943.08
2024|4|bob weinstein,Bob Weinstein,4,True,,,4889.27231932589,-998.2723193258898,Spending,first_place_votes,0.35794064663945746,3891.0,80985.14
2024|4|chris henry,Chris Henry,4,False,,,2773.5216877971616,-2472.5216877971616,Spending,first_place_votes,0.35794064663945746,301.0,28935.93
2024|4|tony morse,Tony Morse,4,False,,,4896.9679764258435,-2892.9679764258435,Spending,first_place_votes,0.35794064663945746,2004.0,81288.87
2024|4|olivia clark,Olivia Clark,4,True,,,6686.3216589177755,12451.678341082225,Spending,first_place_votes,0.35794064663945746,19138.0,194106.54
2024|4|chloe mason,Chloe Mason,4,False,,,308.6247233538852,670.3752766461148,Spending,first_place_votes,0.35794064663945746,979.0,8723.41
2024|4|john toran,John Toran,4,False,,,1597.7759573874755,-545.7759573874755,Spending,first_place_votes,0.35794064663945746,1052.0,16332.26
2024|4|ben hufford,Ben Hufford,4,False,,,5090.326203583856,-3396.326203583856,Spending,first_place_votes,0.35794064663945746,1694.0,89305.67
2024|4|ciatta r thompson,Ciatta R Thompson,4,False,,,820.7464829188975,-289.7464829188975,Spending,first_place_votes,0.35794064663945746,531.0,11191.4
