year,district,source_candidate_name,mentions,mention_share,first_place_votes,first_place_share,total_ballot_weight,stv_threshold,is_viable,canonical_candidate,candidate_key,total_amount,total_contribution_count,average_contribution,median_contribution,bin_amount_micro,bin_count_micro,bin_amount_share_micro,bin_count_share_micro,bin_amount_small,bin_count_small,bin_amount_share_small,bin_count_share_small,bin_amount_medium,bin_count_medium,bin_amount_share_medium,bin_count_share_medium,bin_amount_large,bin_count_large,bin_amount_share_large,bin_count_share_large,bin_amount_mega,bin_count_mega,bin_amount_share_mega,bin_count_share_mega,cash_count,cash_amount,cash_count_share,cash_amount_share,in_kind_count,in_kind_amount,in_kind_count_share,in_kind_amount_share,cash_bin_count_micro,cash_bin_count_share_micro,cash_bin_count_small,cash_bin_count_share_small,cash_bin_count_medium,cash_bin_count_share_medium,cash_bin_count_large,cash_bin_count_share_large,cash_bin_count_mega,cash_bin_count_share_mega,in_kind_bin_count_micro,in_kind_bin_count_share_micro,in_kind_bin_count_small,in_kind_bin_count_share_small,in_kind_bin_count_medium,in_kind_bin_count_share_medium,in_kind_bin_count_large,in_kind_bin_count_share_large,in_kind_bin_count_mega,in_kind_bin_count_share_mega,individual_count,individual_amount,individual_count_share,individual_amount_share,business_count,business_amount,business_count_share,business_amount_share,individual_bin_count_micro,individual_bin_count_share_micro,individual_bin_count_small,individual_bin_count_share_small,individual_bin_count_medium,individual_bin_count_share_medium,individual_bin_count_large,individual_bin_count_share_large,individual_bin_count_mega,individual_bin_count_share_mega,business_bin_count_micro,business_bin_count_share_micro,business_bin_count_small,business_bin_count_share_small,business_bin_count_medium,business_bin_count_share_medium,business_bin_count_large,business_bin_count_share_large,business_bin_count_mega,business_bin_count_share_mega,geocoded_count,same_district_count,portland_count,geocoded_share,same_district_share_geocoded,portland_share_geocoded,state_known_count,oregon_count,state_known_share,oregon_share_state_known,same_district_bin_count_micro,same_district_bin_count_share_micro,same_district_bin_count_small,same_district_bin_count_share_small,same_district_bin_count_medium,same_district_bin_count_share_medium,same_district_bin_count_large,same_district_bin_count_share_large,same_district_bin_count_mega,same_district_bin_count_share_mega,portland_bin_count_micro,portland_bin_count_share_micro,portland_bin_count_small,portland_bin_count_share_small,portland_bin_count_medium,portland_bin_count_share_medium,portland_bin_count_large,portland_bin_count_share_large,portland_bin_count_mega,portland_bin_count_share_mega,oregon_bin_count_micro,oregon_bin_count_share_micro,oregon_bin_count_small,oregon_bin_count_share_small,oregon_bin_count_medium,oregon_bin_count_share_medium,oregon_bin_count_large,oregon_bin_count_share_large,oregon_bin_count_mega,oregon_bin_count_share_mega,overall_bin_share_sum
2024,1,Timur Ender,16858.0,0.3932261901985024,3550.0,0.0828065592125212,42871.0,10718.0,True,Timur Ender,2024|1|timur ender,61809.84,1260.0,49.05542857142857,20.0,12693.0,840.0,0.20535565210976117,0.6666666666666666,20985.09,315.0,0.3395105051234561,0.25,12149.0,62.0,0.19655446446714633,0.049206349206349205,15982.75,43.0,0.25857937829963645,0.034126984126984124,0.0,0.0,0.0,0.0,1254.0,60604.55,0.9952380952380953,0.9805000304158692,5.0,905.29,0.003968253968253968,0.014646373457688938,840.0,0.6698564593301436,312.0,0.24880382775119617,62.0,0.049441786283891544,40.0,0.03189792663476874,0.0,0.0,0.0,0.0,3.0,0.6,0.0,0.0,2.0,0.4,0.0,0.0,1251.0,60197.05,0.9928571428571429,0.9739072290107854,1.0,300.0,0.0007936507936507937,0.0048535961264420035,839.0,0.6706634692246203,312.0,0.24940047961630696,60.0,0.047961630695443645,40.0,0.0319744204636291,0.0,0.0,0.0,0.0,0.0,0.0,0.0,0.0,1.0,1.0,0.0,0.0,808.0,87,564,0.6412698412698413,0.10767326732673267,0.698019801980198,1260.0,1028,1.0,0.8158730158730159,66.0,0.7586206896551724,18.0,0.20689655172413793,0.0,0.0,3.0,0.034482758620689655,0.0,0.0,402.0,0.7127659574468085,132.0,0.23404255319148937,19.0,0.03368794326241135,11.0,0.01950354609929078,0.0,0.0,746.0,0.72568093385214,224.0,0.2178988326848249,36.0,0.03501945525291829,22.0,0.021400778210116732,0.0,0.0,1.0
2024,1,Terrence Hayes,15967.0,0.372442910125726,3975.0,0.0927200205266963,42871.0,10718.0,True,Terrence Hayes,2024|1|terrence hayes,36108.05,963.0,37.4953790238837,20.0,10461.89,748.0,0.2897384378275758,0.7767393561786086,12338.01,165.0,0.3416969346170729,0.17133956386292834,5877.13,29.0,0.16276508977914897,0.030114226375908618,7431.02,21.0,0.20579953777620225,0.021806853582554516,0.0,0.0,0.0,0.0,954.0,34863.89,0.9906542056074766,0.9655434176035537,5.0,909.5699999999999,0.005192107995846314,0.025190227663914277,746.0,0.7819706498951782,164.0,0.1719077568134172,24.0,0.025157232704402517,20.0,0.020964360587002098,0.0,0.0,1.0,0.2,0.0,0.0,3.0,0.6,1.0,0.2,0.0,0.0,957.0,35092.44,0.9937694704049844,0.9718730310830964,0.0,0.0,0.0,0.0,747.0,0.780564263322884,164.0,0.17136886102403343,27.0,0.02821316614420063,19.0,0.019853709508881923,0.0,0.0,0.0,,0.0,,0.0,,0.0,,0.0,,288.0,56,235,0.29906542056074764,0.19444444444444445,0.8159722222222222,963.0,936,1.0,0.9719626168224299,39.0,0.6964285714285714,16.0,0.2857142857142857,0.0,0.0,1.0,0.017857142857142856,0.0,0.0,169.0,0.7191489361702128,50.0,0.2127659574468085,13.0,0.05531914893617021,3.0,0.01276595744680851,0.0,0.0,732.0,0.782051282051282,159.0,0.16987179487179488,26.0,0.027777777777777776,19.0,0.0202991452991453,0.0,0.0,1.0
2024,1,Loretta Smith,17984.0,0.4194910312332346,5586.0,0.1302978703552518,42871.0,10718.0,True,Loretta Smith,2024|1|loretta smith,43744.96,517.0,84.61307543520309,25.0,5887.0,286.0,0.13457550309795688,0.5531914893617021,10725.0,144.0,0.2451711008536755,0.27852998065764023,8028.0,36.0,0.18351828416347848,0.06963249516441006,19104.96,51.0,0.4367351118848891,0.09864603481624758,0.0,0.0,0.0,0.0,514.0,43165.0,0.9941972920696325,0.9867422441350958,1.0,281.98,0.0019342359767891683,0.006445999722025121,285.0,0.5544747081712063,144.0,0.2801556420233463,36.0,0.07003891050583658,49.0,0.09533073929961089,0.0,0.0,0.0,0.0,0.0,0.0,0.0,0.0,1.0,1.0,0.0,0.0,508.0,41375.0,0.9825918762088974,0.9458232445520581,3.0,497.98,0.005802707930367505,0.01138371140355369,285.0,0.5610236220472441,144.0,0.28346456692913385,33.0,0.06496062992125984,46.0,0.09055118110236221,0.0,0.0,1.0,0.3333333333333333,0.0,0.0,1.0,0.3333333333333333,1.0,0.3333333333333333,0.0,0.0,160.0,25,125,0.30947775628626695,0.15625,0.78125,517.0,491,1.0,0.9497098646034816,17.0,0.68,6.0,0.24,0.0,0.0,2.0,0.08,0.0,0.0,76.0,0.608,33.0,0.264,6.0,0.048,10.0,0.08,0.0,0.0,279.0,0.5682281059063137,135.0,0.27494908350305497,33.0,0.06720977596741344,44.0,0.08961303462321792,0.0,0.0,1.0
2024,1,Deian Salazar,5262.0,0.1227403139651512,720.0,0.0167945697557789,42871.0,10718.0,False,Deian Salazar,2024|1|deian salazar,1380.0,54.0,25.555555555555557,20.0,485.0,41.0,0.35144927536231885,0.7592592592592593,695.0,12.0,0.5036231884057971,0.2222222222222222,200.0,1.0,0.14492753623188406,0.018518518518518517,0.0,0.0,0.0,0.0,0.0,0.0,0.0,0.0,54.0,1380.0,1.0,1.0,0.0,0.0,0.0,0.0,41.0,0.7592592592592593,12.0,0.2222222222222222,1.0,0.018518518518518517,0.0,0.0,0.0,0.0,0.0,,0.0,,0.0,,0.0,,0.0,,54.0,1380.0,1.0,1.0,0.0,0.0,0.0,0.0,41.0,0.7592592592592593,12.0,0.2222222222222222,1.0,0.018518518518518517,0.0,0.0,0.0,0.0,0.0,,0.0,,0.0,,0.0,,0.0,,41.0,9,35,0.7592592592592593,0.21951219512195122,0.8536585365853658,54.0,51,1.0,0.9444444444444444,8.0,0.8888888888888888,1.0,0.1111111111111111,0.0,0.0,0.0,0.0,0.0,0.0,27.0,0.7714285714285715,8.0,0.22857142857142856,0.0,0.0,0.0,0.0,0.0,0.0,41.0,0.803921568627451,10.0,0.19607843137254902,0.0,0.0,0.0,0.0,0.0,0.0,1.0
2024,1,Joe Allen,4955.0,0.1155792960276177,978.0,0.0228126239182664,42871.0,10718.0,False,Joe Allen,2024|1|joe allen,,,,,,,,,,,,,,,,,,,,,,,,,,,,,,,,,,,,,,,,,,,,,,,,,,,,,,,,,,,,,,,,,,,,,,,,,,,,,,,,,,,,,,,,,,,,,,,,,,,,,,,,,,,,,,,,,,,,,,,,,
2024,1,Noah Ernst,11606.0,0.2707191341466259,4052.0,0.0945161064589116,42871.0,10718.0,True,Noah Ernst,2024|1|noah ernst,12993.18,416.0,31.23360576923077,20.0,4620.0,337.0,0.3555711534820575,0.8100961538461539,3870.0,66.0,0.29784856363107415,0.15865384615384615,1150.0,5.0,0.08850797110484115,0.01201923076923077,3353.18,8.0,0.25807231178202716,0.019230769230769232,0.0,0.0,0.0,0.0,415.0,12190.0,0.9975961538461539,0.9381844937113162,0.0,0.0,0.0,0.0,337.0,0.8120481927710843,66.0,0.15903614457831325,5.0,0.012048192771084338,7.0,0.016867469879518072,0.0,0.0,0.0,,0.0,,0.0,,0.0,,0.0,,414.0,11940.0,0.9951923076923077,0.9189436304276551,1.0,803.18,0.002403846153846154,0.06181550628868375,337.0,0.8140096618357487,66.0,0.15942028985507245,4.0,0.00966183574879227,7.0,0.016908212560386472,0.0,0.0,0.0,0.0,0.0,0.0,0.0,0.0,1.0,1.0,0.0,0.0,120.0,17,91,0.28846153846153844,0.14166666666666666,0.7583333333333333,416.0,401,1.0,0.9639423076923077,12.0,0.7058823529411765,4.0,0.23529411764705882,0.0,0.0,1.0,0.058823529411764705,0.0,0.0,72.0,0.7912087912087912,18.0,0.1978021978021978,0.0,0.0,1.0,0.01098901098901099,0.0,0.0,331.0,0.8254364089775561,58.0,0.14463840399002495,5.0,0.012468827930174564,7.0,0.017456359102244388,0.0,0.0,1.0
2024,1,Jamie Dunphy,18470.0,0.4308273658183854,5064.0,0.118121807282312,42871.0,10718.0,True,Jamie Dunphy,2024|1|jamie dunphy,35174.53,1055.0,33.34078672985782,10.0,10663.76,860.0,0.30316709277991777,0.8151658767772512,9286.52,151.0,0.2640126250443148,0.14312796208530806,4765.0,22.0,0.13546733957781384,0.02085308056872038,8168.0,21.0,0.23221347946937743,0.01990521327014218,2291.25,1.0,0.06513946312857627,0.0009478672985781991,1050.0,32417.76,0.995260663507109,0.9216259606027429,2.0,2350.01,0.0018957345971563982,0.06680999006951906,860.0,0.819047619047619,148.0,0.14095238095238094,21.0,0.02,21.0,0.02,0.0,0.0,0.0,0.0,1.0,0.5,0.0,0.0,0.0,0.0,1.0,0.5,1042.0,29277.76,0.9876777251184834,0.8323568218253378,3.0,406.76,0.002843601895734597,0.011564049327737996,860.0,0.8253358925143954,148.0,0.1420345489443378,21.0,0.02015355086372361,13.0,0.012476007677543186,0.0,0.0,0.0,0.0,2.0,0.6666666666666666,1.0,0.3333333333333333,0.0,0.0,0.0,0.0,428.0,49,346,0.4056872037914692,0.11448598130841121,0.8084112149532711,1055.0,984,1.0,0.9327014218009478,44.0,0.8979591836734694,3.0,0.061224489795918366,0.0,0.0,2.0,0.04081632653061224,0.0,0.0,273.0,0.7890173410404624,60.0,0.17341040462427745,6.0,0.017341040462427744,7.0,0.02023121387283237,0.0,0.0,813.0,0.8262195121951219,137.0,0.13922764227642276,16.0,0.016260162601626018,17.0,0.017276422764227643,1.0,0.0010162601626016261,1.0
2024,1,Doug Clove,7593.0,0.1771127335494856,1698.0,0.0396071936740453,42871.0,10718.0,False,Doug Clove,2024|1|doug clove,1505.0,13.0,115.76923076923077,20.0,125.0,8.0,0.08305647840531562,0.6153846153846154,150.0,2.0,0.09966777408637874,0.15384615384615385,250.0,1.0,0.16611295681063123,0.07692307692307693,980.0,2.0,0.6511627906976745,0.15384615384615385,0.0,0.0,0.0,0.0,13.0,1505.0,1.0,1.0,0.0,0.0,0.0,0.0,8.0,0.6153846153846154,2.0,0.15384615384615385,1.0,0.07692307692307693,2.0,0.15384615384615385,0.0,0.0,0.0,,0.0,,0.0,,0.0,,0.0,,13.0,1505.0,1.0,1.0,0.0,0.0,0.0,0.0,8.0,0.6153846153846154,2.0,0.15384615384615385,1.0,0.07692307692307693,2.0,0.15384615384615385,0.0,0.0,0.0,,0.0,,0.0,,0.0,,0.0,,0.0,0,0,0.0,,,13.0,13,1.0,1.0,0.0,,0.0,,0.0,,0.0,,0.0,,0.0,,0.0,,0.0,,0.0,,0.0,,8.0,0.6153846153846154,2.0,0.15384615384615385,1.0,0.07692307692307693,2.0,0.15384615384615385,0.0,0.0,1.0
2024,1,Peggy Sue Owens,3869.0,0.0902474866459844,1266.0,0.029530451820578,42871.0,10718.0,False,Peggy Sue Owens,2024|1|peggy sue owens,,,,,,,,,,,,,,,,,,,,,,,,,,,,,,,,,,,,,,,,,,,,,,,,,,,,,,,,,,,,,,,,,,,,,,,,,,,,,,,,,,,,,,,,,,,,,,,,,,,,,,,,,,,,,,,,,,,,,,,,,
2024,1,Michael (Mike) Sands,5196.0,0.1212008117375382,952.0,0.0222061533437521,42871.0,10718.0,False,Michael (Mike) Sands,2024|1|michael mike sands,,,,,,,,,,,,,,,,,,,,,,,,,,,,,,,,,,,,,,,,,,,,,,,,,,,,,,,,,,,,,,,,,,,,,,,,,,,,,,,,,,,,,,,,,,,,,,,,,,,,,,,,,,,,,,,,,,,,,,,,,
2024,1,Joe Furi,4070.0,0.0949359707028061,355.0,0.0082806559212521,42871.0,10718.0,False,Joe Furi,2024|1|joe furi,813.95,11.0,73.99545454545455,31.86,9.96,4.0,0.012236623871245163,0.36363636363636365,303.99,6.0,0.37347502917869646,0.5454545454545454,0.0,0.0,0.0,0.0,500.0,1.0,0.6142883469500583,0.09090909090909091,0.0,0.0,0.0,0.0,1.0,500.0,0.09090909090909091,0.6142883469500583,10.0,313.95,0.9090909090909091,0.3857116530499416,0.0,0.0,0.0,0.0,0.0,0.0,1.0,1.0,0.0,0.0,4.0,0.4,6.0,0.6,0.0,0.0,0.0,0.0,0.0,0.0,10.0,811.46,0.9090909090909091,0.9969408440321887,0.0,0.0,0.0,0.0,3.0,0.3,6.0,0.6,0.0,0.0,1.0,0.1,0.0,0.0,0.0,,0.0,,0.0,,0.0,,0.0,,9.0,9,9,0.8181818181818182,1.0,1.0,11.0,11,1.0,1.0,3.0,0.3333333333333333,5.0,0.5555555555555556,0.0,0.0,1.0,0.1111111111111111,0.0,0.0,3.0,0.3333333333333333,5.0,0.5555555555555556,0.0,0.0,1.0,0.1111111111111111,0.0,0.0,4.0,0.36363636363636365,6.0,0.5454545454545454,0.0,0.0,1.0,0.09090909090909091,0.0,0.0,1.0
2024,1,Cayle Tern,9061.0,0.2113549952182127,711.0,0.0165846376338317,42871.0,10718.0,False,Cayle Tern,2024|1|cayle tern,7395.0,313.0,23.62619808306709,10.0,3135.0,261.0,0.4239350912778905,0.8338658146964856,3160.0,48.0,0.427315753887762,0.15335463258785942,750.0,3.0,0.10141987829614604,0.009584664536741214,350.0,1.0,0.04732927653820149,0.003194888178913738,0.0,0.0,0.0,0.0,313.0,7395.0,1.0,1.0,0.0,0.0,0.0,0.0,261.0,0.8338658146964856,48.0,0.15335463258785942,3.0,0.009584664536741214,1.0,0.003194888178913738,0.0,0.0,0.0,,0.0,,0.0,,0.0,,0.0,,312.0,7145.0,0.9968051118210862,0.9661933739012847,0.0,0.0,0.0,0.0,261.0,0.8365384615384616,48.0,0.15384615384615385,2.0,0.00641025641025641,1.0,0.003205128205128205,0.0,0.0,0.0,,0.0,,0.0,,0.0,,0.0,,260.0,140,191,0.8306709265175719,0.5384615384615384,0.7346153846153847,313.0,304,1.0,0.9712460063897763,127.0,0.9071428571428571,13.0,0.09285714285714286,0.0,0.0,0.0,0.0,0.0,0.0,166.0,0.8691099476439791,23.0,0.12041884816753927,2.0,0.010471204188481676,0.0,0.0,0.0,0.0,257.0,0.8453947368421053,43.0,0.14144736842105263,3.0,0.009868421052631578,1.0,0.003289473684210526,0.0,0.0,1.0
2024,1,Thomas Shervey,3507.0,0.08180355018544,385.0,0.0089804296610762,42871.0,10718.0,False,Thomas Shervey,2024|1|thomas shervey,1060.0,21.0,50.476190476190474,25.0,100.0,11.0,0.09433962264150944,0.5238095238095238,710.0,9.0,0.6698113207547169,0.42857142857142855,250.0,1.0,0.2358490566037736,0.047619047619047616,0.0,0.0,0.0,0.0,0.0,0.0,0.0,0.0,21.0,1060.0,1.0,1.0,0.0,0.0,0.0,0.0,11.0,0.5238095238095238,9.0,0.42857142857142855,1.0,0.047619047619047616,0.0,0.0,0.0,0.0,0.0,,0.0,,0.0,,0.0,,0.0,,20.0,990.0,0.9523809523809523,0.9339622641509434,1.0,70.0,0.047619047619047616,0.0660377358490566,11.0,0.55,8.0,0.4,1.0,0.05,0.0,0.0,0.0,0.0,0.0,0.0,1.0,1.0,0.0,0.0,0.0,0.0,0.0,0.0,9.0,3,9,0.42857142857142855,0.3333333333333333,1.0,21.0,21,1.0,1.0,1.0,0.3333333333333333,2.0,0.6666666666666666,0.0,0.0,0.0,0.0,0.0,0.0,1.0,0.1111111111111111,7.0,0.7777777777777778,1.0,0.1111111111111111,0.0,0.0,0.0,0.0,11.0,0.5238095238095238,9.0,0.42857142857142855,1.0,0.047619047619047616,0.0,0.0,0.0,0.0,1.0
2024,1,Steph Routh,20440.0,0.4767791747335028,3894.0,0.0908306314291712,42871.0,10718.0,True,Steph Routh,2024|1|steph routh,76006.71,1975.0,38.48441012658228,20.24,21762.91,1422.0,0.2863287991283927,0.72,31332.8,471.0,0.412237287997336,0.23848101265822785,10701.0,51.0,0.1407902012861759,0.025822784810126582,12210.0,31.0,0.1606437115880953,0.01569620253164557,0.0,0.0,0.0,0.0,1973.0,75969.48,0.9989873417721519,0.9995101748253541,0.0,0.0,0.0,0.0,1421.0,0.7202230106436898,470.0,0.2382159148504815,51.0,0.025848960973137353,31.0,0.015712113532691332,0.0,0.0,0.0,,0.0,,0.0,,0.0,,0.0,,1965.0,73469.48,0.9949367088607595,0.9666183419858587,2.0,37.23,0.0010126582278481013,0.0004898251746457647,1421.0,0.7231552162849872,470.0,0.23918575063613232,47.0,0.02391857506361323,27.0,0.013740458015267175,0.0,0.0,1.0,0.5,1.0,0.5,0.0,0.0,0.0,0.0,0.0,0.0,1238.0,134,1043,0.6268354430379747,0.10823909531502424,0.8424878836833603,1975.0,1811,1.0,0.9169620253164557,104.0,0.7761194029850746,28.0,0.208955223880597,1.0,0.007462686567164179,1.0,0.007462686567164179,0.0,0.0,688.0,0.6596356663470757,311.0,0.2981783317353787,28.0,0.026845637583892617,16.0,0.015340364333652923,0.0,0.0,1314.0,0.725565985643291,423.0,0.23357261181667588,43.0,0.023743787962451683,31.0,0.017117614577581448,0.0,0.0,1.0
2024,1,Candace Avalos,22267.0,0.519395395488792,8297.0,0.1935340906440251,42871.0,10718.0,True,Candace Avalos,2024|1|candace avalos,58893.8,1494.0,39.42021419009371,20.0,15993.76,1081.0,0.27156950307163064,0.7235609103078983,22049.96,353.0,0.37440205929996023,0.2362784471218206,7116.39,33.0,0.12083428136747841,0.02208835341365462,9946.04,25.0,0.16888093483524583,0.01673360107095047,3787.65,2.0,0.06431322142568488,0.0013386880856760374,1471.0,52031.0,0.9846050870147256,0.8834716048208809,19.0,5286.49,0.012717536813922356,0.08976309900193229,1081.0,0.7348742352141401,338.0,0.22977566281441197,31.0,0.02107409925220938,21.0,0.014276002719238613,0.0,0.0,0.0,0.0,14.0,0.7368421052631579,1.0,0.05263157894736842,2.0,0.10526315789473684,2.0,0.10526315789473684,1462.0,48981.0,0.9785809906291834,0.8316834709256322,3.0,676.31,0.002008032128514056,0.011483551749080547,1081.0,0.7393980848153214,337.0,0.23050615595075238,28.0,0.019151846785225718,16.0,0.01094391244870041,0.0,0.0,0.0,0.0,2.0,0.6666666666666666,0.0,0.0,1.0,0.3333333333333333,0.0,0.0,740.0,76,595,0.49531459170013387,0.10270270270270271,0.8040540540540541,1494.0,1293,1.0,0.8654618473895582,49.0,0.6447368421052632,26.0,0.34210526315789475,1.0,0.013157894736842105,0.0,0.0,0.0,0.0,376.0,0.6319327731092437,186.0,0.3126050420168067,20.0,0.03361344537815126,13.0,0.021848739495798318,0.0,0.0,925.0,0.7153905645784996,316.0,0.24439288476411447,31.0,0.02397525135344161,20.0,0.015467904098994586,1.0,0.0007733952049497294,1.0
2024,1,David Linn,9324.0,0.2174896783373376,1111.0,0.02591495416482,42871.0,10718.0,False,David Linn,2024|1|david linn,4776.99,130.0,36.74607692307692,20.0,1272.0,91.0,0.2662764627935164,0.7,2200.0,34.0,0.4605410520013649,0.26153846153846155,805.0,4.0,0.1685161576641358,0.03076923076923077,499.99,1.0,0.10466632754098293,0.007692307692307693,0.0,0.0,0.0,0.0,130.0,4776.99,1.0,1.0,0.0,0.0,0.0,0.0,91.0,0.7,34.0,0.26153846153846155,4.0,0.03076923076923077,1.0,0.007692307692307693,0.0,0.0,0.0,,0.0,,0.0,,0.0,,0.0,,126.0,4242.0,0.9692307692307692,0.888006882995359,0.0,0.0,0.0,0.0,88.0,0.6984126984126984,34.0,0.2698412698412698,4.0,0.031746031746031744,0.0,0.0,0.0,0.0,0.0,,0.0,,0.0,,0.0,,0.0,,101.0,37,79,0.7769230769230769,0.36633663366336633,0.7821782178217822,130.0,128,1.0,0.9846153846153847,19.0,0.5135135135135135,15.0,0.40540540540540543,3.0,0.08108108108108109,0.0,0.0,0.0,0.0,50.0,0.6329113924050633,25.0,0.31645569620253167,3.0,0.0379746835443038,1.0,0.012658227848101266,0.0,0.0,91.0,0.7109375,32.0,0.25,4.0,0.03125,1.0,0.0078125,0.0,0.0,0.9999999999999999
2024,2,Chris Olson,7509.0,0.0973210466969944,1233.0,0.0159804035926746,77157.0,19290.0,False,Chris Olson,2024|2|chris olson,7272.45,389.0,18.695244215938303,10.0,3709.46,353.0,0.5100701964262387,0.9074550128534704,2163.99,33.0,0.29755996947383617,0.08483290488431877,0.0,0.0,0.0,0.0,1399.0,3.0,0.19236983409992506,0.007712082262210797,0.0,0.0,0.0,0.0,388.0,7246.46,0.9974293059125964,0.9964262387503524,0.0,0.0,0.0,0.0,353.0,0.9097938144329897,32.0,0.08247422680412371,0.0,0.0,3.0,0.007731958762886598,0.0,0.0,0.0,,0.0,,0.0,,0.0,,0.0,,384.0,5747.46,0.987146529562982,0.7903058804116907,1.0,25.99,0.002570694087403599,0.003573761249647643,353.0,0.9192708333333334,31.0,0.08072916666666667,0.0,0.0,0.0,0.0,0.0,0.0,0.0,0.0,1.0,1.0,0.0,0.0,0.0,0.0,0.0,0.0,138.0,57,116,0.35475578406169667,0.41304347826086957,0.8405797101449275,389.0,358,1.0,0.9203084832904884,49.0,0.8596491228070176,7.0,0.12280701754385964,0.0,0.0,1.0,0.017543859649122806,0.0,0.0,101.0,0.8706896551724138,14.0,0.1206896551724138,0.0,0.0,1.0,0.008620689655172414,0.0,0.0,332.0,0.9273743016759777,25.0,0.06983240223463687,0.0,0.0,1.0,0.002793296089385475,0.0,0.0,1.0
2024,2,Antonio Jamal PettyJohnBlue,1631.0,0.021138717161113,217.0,0.0028124473476159,77157.0,19290.0,False,Antonio Jamal PettyJohnBlue,2024|2|antonio jamal pettyjohnblue,,,,,,,,,,,,,,,,,,,,,,,,,,,,,,,,,,,,,,,,,,,,,,,,,,,,,,,,,,,,,,,,,,,,,,,,,,,,,,,,,,,,,,,,,,,,,,,,,,,,,,,,,,,,,,,,,,,,,,,,,
2024,2,Sam Sachs,2824.0,0.0366006972795728,304.0,0.0039400184040333,77157.0,19290.0,False,Sam Sachs,2024|2|sam sachs,4349.01,70.0,62.12871428571429,50.0,405.01,34.0,0.09312694153382034,0.4857142857142857,2319.0,31.0,0.533224802886174,0.44285714285714284,575.0,3.0,0.13221399812830967,0.04285714285714286,1050.0,2.0,0.2414342574516959,0.02857142857142857,0.0,0.0,0.0,0.0,68.0,3579.01,0.9714285714285714,0.8229482112020897,0.0,0.0,0.0,0.0,34.0,0.5,30.0,0.4411764705882353,3.0,0.04411764705882353,1.0,0.014705882352941176,0.0,0.0,0.0,,0.0,,0.0,,0.0,,0.0,,68.0,3579.01,0.9714285714285714,0.8229482112020897,2.0,770.0,0.02857142857142857,0.1770517887979103,34.0,0.5,30.0,0.4411764705882353,3.0,0.04411764705882353,1.0,0.014705882352941176,0.0,0.0,0.0,0.0,1.0,0.5,0.0,0.0,1.0,0.5,0.0,0.0,48.0,11,31,0.6857142857142857,0.22916666666666666,0.6458333333333334,70.0,55,1.0,0.7857142857142857,8.0,0.7272727272727273,3.0,0.2727272727272727,0.0,0.0,0.0,0.0,0.0,0.0,14.0,0.45161290322580644,15.0,0.4838709677419355,0.0,0.0,2.0,0.06451612903225806,0.0,0.0,32.0,0.5818181818181818,21.0,0.38181818181818183,0.0,0.0,2.0,0.03636363636363636,0.0,0.0,1.0
2024,2,Liz Taylor,4533.0,0.0587503402154049,628.0,0.0081392485451741,77157.0,19290.0,False,Liz Taylor,2024|2|liz taylor,,,,,,,,,,,,,,,,,,,,,,,,,,,,,,,,,,,,,,,,,,,,,,,,,,,,,,,,,,,,,,,,,,,,,,,,,,,,,,,,,,,,,,,,,,,,,,,,,,,,,,,,,,,,,,,,,,,,,,,,,
2024,2,Debbie Kitchin,9088.0,0.1177858133416281,1228.0,0.0159156006583978,77157.0,19290.0,False,Debbie Kitchin,2024|2|debbie kitchin,34884.88,460.0,75.8366956521739,25.0,4338.0,242.0,0.12435186820192588,0.5260869565217391,11267.0,153.0,0.322976601897441,0.33260869565217394,6524.88,31.0,0.18704034527279442,0.06739130434782609,12755.0,34.0,0.3656311846278388,0.07391304347826087,0.0,0.0,0.0,0.0,457.0,34363.0,0.9934782608695653,0.9850399370730243,3.0,521.88,0.006521739130434782,0.014960062926975813,242.0,0.5295404814004376,153.0,0.3347921225382932,28.0,0.061269146608315096,34.0,0.07439824945295405,0.0,0.0,0.0,0.0,0.0,0.0,3.0,1.0,0.0,0.0,0.0,0.0,454.0,33359.4,0.9869565217391304,0.9562710263013662,4.0,1250.0,0.008695652173913044,0.035832142750670204,242.0,0.5330396475770925,153.0,0.3370044052863436,29.0,0.06387665198237885,30.0,0.06607929515418502,0.0,0.0,0.0,0.0,0.0,0.0,0.0,0.0,4.0,1.0,0.0,0.0,311.0,130,238,0.6760869565217391,0.4180064308681672,0.7652733118971061,460.0,431,1.0,0.9369565217391305,89.0,0.6846153846153846,28.0,0.2153846153846154,5.0,0.038461538461538464,8.0,0.06153846153846154,0.0,0.0,137.0,0.5756302521008403,75.0,0.31512605042016806,10.0,0.04201680672268908,16.0,0.06722689075630252,0.0,0.0,236.0,0.5475638051044084,139.0,0.3225058004640371,28.0,0.06496519721577726,28.0,0.06496519721577726,0.0,0.0,1.0
2024,2,Laura Streib,4848.0,0.0628329250748473,707.0,0.0091631349067485,77157.0,19290.0,False,Laura Streib,2024|2|laura streib,10718.42,318.0,33.70572327044025,20.95,3498.29,236.0,0.3263811270691016,0.7421383647798742,2805.03,56.0,0.2617018179918309,0.1761006289308176,2565.1,21.0,0.23931698888455574,0.0660377358490566,1850.0,5.0,0.17260006605451175,0.015723270440251572,0.0,0.0,0.0,0.0,316.0,10678.42,0.9937106918238994,0.9962681066799024,0.0,0.0,0.0,0.0,234.0,0.740506329113924,56.0,0.17721518987341772,21.0,0.06645569620253164,5.0,0.015822784810126583,0.0,0.0,0.0,,0.0,,0.0,,0.0,,0.0,,317.0,10568.42,0.9968553459119497,0.9860054000496342,0.0,0.0,0.0,0.0,236.0,0.7444794952681388,56.0,0.17665615141955837,20.0,0.06309148264984227,5.0,0.015772870662460567,0.0,0.0,0.0,,0.0,,0.0,,0.0,,0.0,,107.0,66,92,0.33647798742138363,0.616822429906542,0.8598130841121495,318.0,307,1.0,0.9654088050314465,41.0,0.6212121212121212,18.0,0.2727272727272727,6.0,0.09090909090909091,1.0,0.015151515151515152,0.0,0.0,59.0,0.6413043478260869,23.0,0.25,9.0,0.09782608695652174,1.0,0.010869565217391304,0.0,0.0,232.0,0.755700325732899,55.0,0.1791530944625407,18.0,0.05863192182410423,2.0,0.006514657980456026,0.0,0.0,0.9999999999999999
2024,2,Marnie Glickman,20718.0,0.2685174384696139,3997.0,0.0518034656609251,77157.0,19290.0,True,Marnie Glickman,2024|2|marnie glickman,34318.0,1090.0,31.48440366972477,10.0,10126.0,863.0,0.2950638149076287,0.791743119266055,12396.0,188.0,0.36120986071449385,0.1724770642201835,3956.0,20.0,0.11527478291275715,0.01834862385321101,7840.0,19.0,0.22845154146512034,0.01743119266055046,0.0,0.0,0.0,0.0,1090.0,34318.0,1.0,1.0,0.0,0.0,0.0,0.0,863.0,0.791743119266055,188.0,0.1724770642201835,20.0,0.01834862385321101,19.0,0.01743119266055046,0.0,0.0,0.0,,0.0,,0.0,,0.0,,0.0,,1088.0,33718.0,0.998165137614679,0.9825164636633836,1.0,350.0,0.0009174311926605505,0.010198729529692873,863.0,0.7931985294117647,188.0,0.17279411764705882,19.0,0.017463235294117647,18.0,0.016544117647058824,0.0,0.0,0.0,0.0,0.0,0.0,0.0,0.0,1.0,1.0,0.0,0.0,696.0,283,598,0.6385321100917432,0.40660919540229884,0.8591954022988506,1090.0,978,1.0,0.8972477064220183,222.0,0.784452296819788,53.0,0.1872791519434629,4.0,0.014134275618374558,4.0,0.014134275618374558,0.0,0.0,485.0,0.8110367892976589,95.0,0.1588628762541806,8.0,0.013377926421404682,10.0,0.016722408026755852,0.0,0.0,800.0,0.8179959100204499,150.0,0.15337423312883436,15.0,0.015337423312883436,13.0,0.013292433537832311,0.0,0.0,1.0
2024,2,Nat West,30666.0,0.3974493565068626,5462.0,0.0707907254040463,77157.0,19290.0,True,Nat West,2024|2|nat west,51915.64,1649.0,31.48310491206792,20.0,18105.35,1237.0,0.34874558032993525,0.7501516070345664,20976.81,363.0,0.4040556949697625,0.22013341419041843,4600.78,26.0,0.0886203078686885,0.015767131594906003,8232.7,23.0,0.15857841683161378,0.013947847180109158,0.0,0.0,0.0,0.0,1407.0,47255.8,0.853244390539721,0.9102420773393144,12.0,2082.79,0.0072771376591873865,0.04011873878468993,1013.0,0.7199715707178393,352.0,0.2501776830135039,23.0,0.016346837242359632,19.0,0.013503909026297086,0.0,0.0,1.0,0.08333333333333333,4.0,0.3333333333333333,3.0,0.25,4.0,0.3333333333333333,0.0,0.0,1627.0,48213.8,0.9866585809581565,0.928695090727958,8.0,1839.05,0.004851425106124924,0.03542381448056886,1234.0,0.7584511370620775,355.0,0.21819299323909036,22.0,0.013521819299323909,16.0,0.009834050399508297,0.0,0.0,2.0,0.25,2.0,0.25,0.0,0.0,4.0,0.5,0.0,0.0,918.0,331,664,0.5567010309278351,0.36056644880174293,0.7233115468409586,1649.0,1416,1.0,0.8587022437841115,242.0,0.7311178247734139,77.0,0.2326283987915408,4.0,0.012084592145015106,8.0,0.02416918429003021,0.0,0.0,488.0,0.7349397590361446,152.0,0.2289156626506024,11.0,0.016566265060240965,13.0,0.01957831325301205,0.0,0.0,1067.0,0.7535310734463276,307.0,0.21680790960451976,21.0,0.014830508474576272,21.0,0.014830508474576272,0.0,0.0,1.0
2024,2,Elana Pirtle-Guiney,34268.0,0.4441333903599155,12447.0,0.1613204245888254,77157.0,19290.0,True,Elana Pirtle-Guiney,2024|2|elana pirtle guiney,47039.93,615.0,76.48769105691056,25.0,6691.97,354.0,0.14226147870543177,0.5756097560975609,12512.65,179.0,0.2660006084192727,0.2910569105691057,8640.31,42.0,0.18368033285763816,0.06829268292682927,14695.0,39.0,0.3123941723552735,0.06341463414634146,4500.0,1.0,0.09566340766238385,0.0016260162601626016,604.0,41635.0,0.9821138211382113,0.8850991062274115,10.0,5389.93,0.016260162601626018,0.11458201574704725,350.0,0.5794701986754967,177.0,0.29304635761589404,38.0,0.06291390728476821,39.0,0.06456953642384106,0.0,0.0,3.0,0.3,2.0,0.2,4.0,0.4,0.0,0.0,1.0,0.1,597.0,38595.0,0.9707317073170731,0.8204731597177122,1.0,15.0,0.0016260162601626016,0.0003188780255412795,350.0,0.5862646566164154,177.0,0.2964824120603015,39.0,0.06532663316582915,31.0,0.051926298157453935,0.0,0.0,1.0,1.0,0.0,0.0,0.0,0.0,0.0,0.0,0.0,0.0,380.0,162,306,0.6178861788617886,0.4263157894736842,0.8052631578947368,615.0,551,1.0,0.8959349593495934,109.0,0.6728395061728395,44.0,0.2716049382716049,6.0,0.037037037037037035,3.0,0.018518518518518517,0.0,0.0,202.0,0.6601307189542484,75.0,0.24509803921568626,12.0,0.0392156862745098,17.0,0.05555555555555555,0.0,0.0,337.0,0.6116152450090744,155.0,0.2813067150635209,31.0,0.056261343012704176,27.0,0.04900181488203267,1.0,0.0018148820326678765,1.0000000000000002
2024,2,James Armstrong,13504.0,0.1750197648949544,1476.0,0.0191298261985302,77157.0,19290.0,False,James Armstrong,2024|2|james armstrong,25246.18,426.0,59.263333333333335,25.0,4615.0,265.0,0.1827999325046403,0.6220657276995305,8671.18,124.0,0.34346503114530597,0.29107981220657275,3780.0,17.0,0.1497256218564551,0.03990610328638498,8180.0,20.0,0.32400941449359866,0.046948356807511735,0.0,0.0,0.0,0.0,425.0,25151.0,0.9976525821596244,0.9962299246856356,0.0,0.0,0.0,0.0,265.0,0.6235294117647059,123.0,0.28941176470588237,17.0,0.04,20.0,0.047058823529411764,0.0,0.0,0.0,,0.0,,0.0,,0.0,,0.0,,420.0,22651.0,0.9859154929577465,0.8972050425054404,6.0,2595.18,0.014084507042253521,0.10279495749455957,265.0,0.6309523809523809,123.0,0.29285714285714287,17.0,0.04047619047619048,15.0,0.03571428571428571,0.0,0.0,0.0,0.0,1.0,0.16666666666666666,0.0,0.0,5.0,0.8333333333333334,0.0,0.0,257.0,144,204,0.6032863849765259,0.5603112840466926,0.7937743190661478,426.0,393,1.0,0.9225352112676056,95.0,0.6597222222222222,42.0,0.2916666666666667,0.0,0.0,7.0,0.04861111111111111,0.0,0.0,127.0,0.6225490196078431,61.0,0.29901960784313725,5.0,0.024509803921568627,11.0,0.05392156862745098,0.0,0.0,257.0,0.6539440203562341,109.0,0.27735368956743,12.0,0.030534351145038167,15.0,0.03816793893129771,0.0,0.0,1.0
2024,2,Michael (Mike) Marshall,15684.0,0.2032738442396671,1646.0,0.0213331259639436,77157.0,19290.0,False,Michael (Mike) Marshall,2024|2|michael mike marshall,55074.82,663.0,83.06911010558069,29.0,6333.0,321.0,0.11498902765365371,0.4841628959276018,16714.0,233.0,0.3034780685620035,0.3514328808446455,13677.82,61.0,0.24834979033975962,0.09200603318250378,18350.0,48.0,0.33318311344458323,0.07239819004524888,0.0,0.0,0.0,0.0,661.0,54929.82,0.9969834087481146,0.9973672179046613,0.0,0.0,0.0,0.0,320.0,0.48411497730711045,233.0,0.3524962178517398,60.0,0.0907715582450832,48.0,0.07261724659606657,0.0,0.0,0.0,,0.0,,0.0,,0.0,,0.0,,658.0,54090.0,0.9924585218702866,0.9821185071508177,3.0,464.82,0.004524886877828055,0.008439791541760826,320.0,0.48632218844984804,233.0,0.3541033434650456,58.0,0.08814589665653495,47.0,0.07142857142857142,0.0,0.0,0.0,0.0,0.0,0.0,3.0,1.0,0.0,0.0,0.0,0.0,411.0,137,273,0.6199095022624435,0.3333333333333333,0.6642335766423357,663.0,493,1.0,0.7435897435897436,97.0,0.708029197080292,30.0,0.21897810218978103,5.0,0.0364963503649635,5.0,0.0364963503649635,0.0,0.0,174.0,0.6373626373626373,75.0,0.27472527472527475,14.0,0.05128205128205128,10.0,0.03663003663003663,0.0,0.0,296.0,0.6004056795131846,149.0,0.3022312373225152,30.0,0.060851926977687626,18.0,0.036511156186612576,0.0,0.0,0.9999999999999999
2024,2,Jennifer Park,11124.0,0.1441735681791671,1114.0,0.0144380937568853,77157.0,19290.0,False,Jennifer Park,2024|2|jennifer park,15950.86,418.0,38.15995215311005,10.0,4516.62,343.0,0.283158400236727,0.8205741626794258,3613.6,54.0,0.2265457787229027,0.1291866028708134,1099.48,5.0,0.0689291988018201,0.011961722488038277,6721.16,16.0,0.42136662223855015,0.03827751196172249,0.0,0.0,0.0,0.0,411.0,14571.62,0.9832535885167464,0.9135319349552312,0.0,0.0,0.0,0.0,343.0,0.8345498783454988,50.0,0.12165450121654502,4.0,0.009732360097323601,14.0,0.0340632603406326,0.0,0.0,0.0,,0.0,,0.0,,0.0,,0.0,,409.0,13571.62,0.9784688995215312,0.8508393904780056,2.0,560.64,0.004784688995215311,0.0351479481357118,343.0,0.8386308068459658,50.0,0.12224938875305623,4.0,0.009779951100244499,12.0,0.029339853300733496,0.0,0.0,0.0,0.0,1.0,0.5,0.0,0.0,1.0,0.5,0.0,0.0,245.0,107,167,0.5861244019138756,0.43673469387755104,0.6816326530612244,418.0,328,1.0,0.784688995215311,89.0,0.8317757009345794,12.0,0.11214953271028037,0.0,0.0,6.0,0.056074766355140186,0.0,0.0,141.0,0.844311377245509,17.0,0.10179640718562874,1.0,0.005988023952095809,8.0,0.04790419161676647,0.0,0.0,280.0,0.8536585365853658,37.0,0.11280487804878049,2.0,0.006097560975609756,9.0,0.027439024390243903,0.0,0.0,1.0
2024,2,Will Mespelt,3884.0,0.0503389193462679,759.0,0.0098370854232279,77157.0,19290.0,False,Will Mespelt,2024|2|will mespelt,1215.0,11.0,110.45454545454545,25.0,115.0,8.0,0.09465020576131687,0.7272727272727273,100.0,1.0,0.0823045267489712,0.09090909090909091,0.0,0.0,0.0,0.0,1000.0,2.0,0.823045267489712,0.18181818181818182,0.0,0.0,0.0,0.0,11.0,1215.0,1.0,1.0,0.0,0.0,0.0,0.0,8.0,0.7272727272727273,1.0,0.09090909090909091,0.0,0.0,2.0,0.18181818181818182,0.0,0.0,0.0,,0.0,,0.0,,0.0,,0.0,,10.0,715.0,0.9090909090909091,0.588477366255144,0.0,0.0,0.0,0.0,8.0,0.8,1.0,0.1,0.0,0.0,1.0,0.1,0.0,0.0,0.0,,0.0,,0.0,,0.0,,0.0,,5.0,2,2,0.45454545454545453,0.4,0.4,11.0,9,1.0,0.8181818181818182,1.0,0.5,1.0,0.5,0.0,0.0,0.0,0.0,0.0,0.0,1.0,0.5,1.0,0.5,0.0,0.0,0.0,0.0,0.0,0.0,8.0,0.8888888888888888,1.0,0.1111111111111111,0.0,0.0,0.0,0.0,0.0,0.0,1.0
2024,2,Mariah Hudson,20051.0,0.2598727270370802,2287.0,0.0296408621382376,77157.0,19290.0,True,Mariah Hudson,2024|2|mariah hudson,74201.68,1112.0,66.72812949640287,25.0,10230.0,710.0,0.13786749841782558,0.6384892086330936,17643.1,253.0,0.2377722445098278,0.2275179856115108,11693.6,56.0,0.15759211920808264,0.050359712230215826,34634.98,93.0,0.4667681378642641,0.08363309352517985,0.0,0.0,0.0,0.0,1106.0,70904.1,0.9946043165467626,0.9555592272304348,3.0,1649.58,0.002697841726618705,0.02223103304399577,710.0,0.6419529837251357,253.0,0.22875226039783003,55.0,0.04972875226039783,88.0,0.07956600361663653,0.0,0.0,0.0,0.0,0.0,0.0,1.0,0.3333333333333333,2.0,0.6666666666666666,0.0,0.0,1101.0,70522.1,0.9901079136690647,0.9504110958134643,4.0,530.0,0.0035971223021582736,0.007142695421451375,708.0,0.6430517711171662,253.0,0.22979109900090827,53.0,0.048138056312443236,87.0,0.07901907356948229,0.0,0.0,2.0,0.5,0.0,0.0,2.0,0.5,0.0,0.0,0.0,0.0,487.0,216,365,0.4379496402877698,0.44353182751540043,0.7494866529774127,1112.0,995,1.0,0.8947841726618705,131.0,0.6064814814814815,63.0,0.2916666666666667,10.0,0.046296296296296294,12.0,0.05555555555555555,0.0,0.0,222.0,0.6082191780821918,96.0,0.26301369863013696,18.0,0.049315068493150684,29.0,0.07945205479452055,0.0,0.0,675.0,0.678391959798995,205.0,0.20603015075376885,43.0,0.04321608040201005,72.0,0.07236180904522613,0.0,0.0,1.0
2024,2,Sameer Kanal,31168.0,0.4039555711082598,9924.0,0.1286208639527197,77157.0,19290.0,True,Sameer Kanal,2024|2|sameer kanal,34711.76,1176.0,29.516802721088435,10.0,9534.0,962.0,0.2746619589441734,0.8180272108843537,9795.76,167.0,0.2822029191259677,0.14200680272108843,2912.0,15.0,0.08389087732802945,0.012755102040816327,12470.0,32.0,0.35924424460182947,0.027210884353741496,0.0,0.0,0.0,0.0,1175.0,34653.0,0.9991496598639455,0.9983072019396307,1.0,58.76,0.0008503401360544217,0.0016927980603691657,962.0,0.8187234042553192,166.0,0.14127659574468085,15.0,0.01276595744680851,32.0,0.02723404255319149,0.0,0.0,0.0,0.0,1.0,1.0,0.0,0.0,0.0,0.0,0.0,0.0,1175.0,34653.0,0.9991496598639455,0.9983072019396307,0.0,0.0,0.0,0.0,962.0,0.8187234042553192,166.0,0.14127659574468085,15.0,0.01276595744680851,32.0,0.02723404255319149,0.0,0.0,0.0,,0.0,,0.0,,0.0,,0.0,,210.0,53,117,0.17857142857142858,0.2523809523809524,0.5571428571428572,1176.0,979,1.0,0.8324829931972789,46.0,0.8679245283018868,3.0,0.05660377358490566,0.0,0.0,4.0,0.07547169811320754,0.0,0.0,93.0,0.7948717948717948,17.0,0.1452991452991453,0.0,0.0,7.0,0.05982905982905983,0.0,0.0,845.0,0.8631256384065373,110.0,0.11235955056179775,11.0,0.011235955056179775,13.0,0.013278855975485188,0.0,0.0,1.0
2024,2,Dan Ryan,34116.0,0.4421633811578988,12047.0,0.1561361898466762,77157.0,19290.0,True,Dan Ryan,2024|2|dan ryan,120133.0,1151.0,104.37271937445699,50.0,9948.0,481.0,0.08280822088851524,0.41789748045178104,31732.0,411.0,0.2641405775265747,0.35708079930495223,25603.0,112.0,0.21312212298036343,0.09730668983492616,52850.0,147.0,0.4399290786045466,0.12771503040834056,0.0,0.0,0.0,0.0,1151.0,120133.0,1.0,1.0,0.0,0.0,0.0,0.0,481.0,0.41789748045178104,411.0,0.35708079930495223,112.0,0.09730668983492616,147.0,0.12771503040834056,0.0,0.0,0.0,,0.0,,0.0,,0.0,,0.0,,1149.0,119683.0,0.998262380538662,0.9962541516485894,1.0,150.0,0.0008688097306689834,0.00124861611713684,481.0,0.4186248912097476,411.0,0.3577023498694517,111.0,0.09660574412532637,146.0,0.12706701479547433,0.0,0.0,0.0,0.0,0.0,0.0,1.0,1.0,0.0,0.0,0.0,0.0,699.0,205,551,0.6072980017376195,0.2932761087267525,0.7882689556509299,1151.0,1073,1.0,0.9322328410078193,94.0,0.4585365853658537,87.0,0.424390243902439,13.0,0.06341463414634146,11.0,0.05365853658536585,0.0,0.0,233.0,0.42286751361161523,203.0,0.3684210526315789,47.0,0.0852994555353902,68.0,0.12341197822141561,0.0,0.0,461.0,0.4296365330848089,379.0,0.353215284249767,97.0,0.09040074557315937,136.0,0.1267474370922647,0.0,0.0,1.0
2024,2,Nabil Zaghloul,6482.0,0.0840105239965265,834.0,0.0108091294373809,77157.0,19290.0,False,Nabil Zaghloul,2024|2|nabil zaghloul,26484.0,1111.0,23.837983798379838,10.0,11884.0,984.0,0.4487237577405226,0.8856885688568857,6924.0,103.0,0.26144086995922067,0.0927092709270927,2076.0,10.0,0.07838695061169007,0.009000900090009001,5600.0,14.0,0.21144842168856667,0.012601260126012601,0.0,0.0,0.0,0.0,1111.0,26484.0,1.0,1.0,0.0,0.0,0.0,0.0,984.0,0.8856885688568857,103.0,0.0927092709270927,10.0,0.009000900090009001,14.0,0.012601260126012601,0.0,0.0,0.0,,0.0,,0.0,,0.0,,0.0,,1111.0,26484.0,1.0,1.0,0.0,0.0,0.0,0.0,984.0,0.8856885688568857,103.0,0.0927092709270927,10.0,0.009000900090009001,14.0,0.012601260126012601,0.0,0.0,0.0,,0.0,,0.0,,0.0,,0.0,,417.0,77,336,0.37533753375337536,0.18465227817745802,0.8057553956834532,1111.0,1089,1.0,0.9801980198019802,64.0,0.8311688311688312,8.0,0.1038961038961039,2.0,0.025974025974025976,3.0,0.03896103896103896,0.0,0.0,291.0,0.8660714285714286,37.0,0.11011904761904762,2.0,0.005952380952380952,6.0,0.017857142857142856,0.0,0.0,969.0,0.8898071625344353,97.0,0.08907254361799816,9.0,0.008264462809917356,14.0,0.012855831037649219,0.0,0.0,1.0
2024,2,Bob Simril,11062.0,0.143370011794134,2520.0,0.0326606788755394,77157.0,19290.0,False,Bob Simril,2024|2|bob simril,26230.0,424.0,61.863207547169814,25.0,4230.0,284.0,0.16126572626763247,0.6698113207547169,6470.0,94.0,0.24666412504765536,0.22169811320754718,3200.0,15.0,0.12199771254288982,0.03537735849056604,12330.0,31.0,0.4700724361418223,0.07311320754716981,0.0,0.0,0.0,0.0,424.0,26230.0,1.0,1.0,0.0,0.0,0.0,0.0,284.0,0.6698113207547169,94.0,0.22169811320754718,15.0,0.03537735849056604,31.0,0.07311320754716981,0.0,0.0,0.0,,0.0,,0.0,,0.0,,0.0,,423.0,25880.0,0.9976415094339622,0.9866565001906215,1.0,350.0,0.0023584905660377358,0.013343499809378575,284.0,0.6713947990543735,94.0,0.2222222222222222,15.0,0.03546099290780142,30.0,0.07092198581560284,0.0,0.0,0.0,0.0,0.0,0.0,0.0,0.0,1.0,1.0,0.0,0.0,259.0,155,233,0.6108490566037735,0.5984555984555985,0.8996138996138996,424.0,400,1.0,0.9433962264150944,99.0,0.6387096774193548,45.0,0.2903225806451613,4.0,0.025806451612903226,7.0,0.04516129032258064,0.0,0.0,163.0,0.6995708154506438,55.0,0.23605150214592274,6.0,0.02575107296137339,9.0,0.03862660944206009,0.0,0.0,279.0,0.6975,87.0,0.2175,10.0,0.025,24.0,0.06,0.0,0.0,0.9999999999999999
2024,2,Jonathan Tasini,22140.0,0.286947392977954,3404.0,0.044117837655689,77157.0,19290.0,True,Jonathan Tasini,2024|2|jonathan tasini,49453.07,717.0,68.97220362622036,20.0,6720.56,431.0,0.13589773091943536,0.601115760111576,12506.69,190.0,0.25290017384158353,0.2649930264993027,6401.34,34.0,0.12944272216062622,0.04741980474198047,23824.48,62.0,0.48175937307835487,0.08647140864714087,0.0,0.0,0.0,0.0,705.0,47078.1,0.9832635983263598,0.9519752767623931,12.0,2374.9700000000003,0.016736401673640166,0.04802472323760689,430.0,0.6099290780141844,186.0,0.26382978723404255,29.0,0.04113475177304964,60.0,0.0851063829787234,0.0,0.0,1.0,0.08333333333333333,4.0,0.3333333333333333,5.0,0.4166666666666667,2.0,0.16666666666666666,0.0,0.0,689.0,40612.16,0.9609483960948396,0.8212262656292117,8.0,1672.97,0.011157601115760111,0.03382944678662012,431.0,0.625544267053701,187.0,0.2714078374455733,27.0,0.03918722786647315,44.0,0.06386066763425254,0.0,0.0,0.0,0.0,3.0,0.375,3.0,0.375,2.0,0.25,0.0,0.0,550.0,153,323,0.7670850767085077,0.2781818181818182,0.5872727272727273,717.0,470,1.0,0.6555090655509066,122.0,0.7973856209150327,26.0,0.16993464052287582,3.0,0.0196078431372549,2.0,0.013071895424836602,0.0,0.0,263.0,0.8142414860681114,53.0,0.16408668730650156,3.0,0.009287925696594427,4.0,0.01238390092879257,0.0,0.0,367.0,0.7808510638297872,78.0,0.16595744680851063,11.0,0.023404255319148935,14.0,0.029787234042553193,0.0,0.0,1.0
2024,2,Tiffani Penson,30148.0,0.3907357725157795,7218.0,0.0935495159220809,77157.0,19290.0,True,Tiffani Penson,2024|2|tiffani penson,80381.24,853.0,94.2335756154748,50.0,6840.24,348.0,0.08509746801616894,0.4079718640093787,24302.0,341.0,0.30233422624483025,0.39976553341148885,17590.0,82.0,0.21883215536361467,0.09613130128956623,31649.0,82.0,0.39373615037538606,0.09613130128956623,0.0,0.0,0.0,0.0,848.0,78186.24,0.9941383352872216,0.9726926332562175,2.0,180.0,0.0023446658851113715,0.00223932848012795,347.0,0.4091981132075472,340.0,0.4009433962264151,81.0,0.09551886792452831,80.0,0.09433962264150944,0.0,0.0,0.0,0.0,1.0,0.5,1.0,0.5,0.0,0.0,0.0,0.0,848.0,79601.24,0.9941383352872216,0.9902962432527789,2.0,30.0,0.0023446658851113715,0.00037322141335465836,346.0,0.4080188679245283,340.0,0.4009433962264151,82.0,0.09669811320754718,80.0,0.09433962264150944,0.0,0.0,2.0,1.0,0.0,0.0,0.0,0.0,0.0,0.0,0.0,0.0,580.0,239,442,0.6799531066822978,0.41206896551724137,0.7620689655172413,853.0,811,1.0,0.9507620164126612,106.0,0.4435146443514644,96.0,0.401673640167364,24.0,0.100418410041841,13.0,0.05439330543933055,0.0,0.0,187.0,0.4230769230769231,177.0,0.4004524886877828,40.0,0.09049773755656108,38.0,0.08597285067873303,0.0,0.0,332.0,0.4093711467324291,325.0,0.4007398273736128,77.0,0.09494451294697903,77.0,0.09494451294697903,0.0,0.0,1.0
2024,2,Michelle DePass,32612.0,0.4226706585274181,6838.0,0.0886244929170392,77157.0,19290.0,True,Michelle DePass,2024|2|michelle depass,32578.29,720.0,45.247625,25.0,7739.41,474.0,0.23756342030229333,0.6583333333333333,14069.0,208.0,0.43185200942099783,0.28888888888888886,4344.88,21.0,0.1333673437126381,0.029166666666666667,6425.0,17.0,0.19721722656407073,0.02361111111111111,0.0,0.0,0.0,0.0,718.0,31825.41,0.9972222222222222,0.9768901314341545,1.0,152.88,0.001388888888888889,0.004692695657138542,474.0,0.6601671309192201,208.0,0.28969359331476324,20.0,0.027855153203342618,16.0,0.022284122562674095,0.0,0.0,0.0,0.0,0.0,0.0,1.0,1.0,0.0,0.0,0.0,0.0,709.0,29575.41,0.9847222222222223,0.9078257330265032,0.0,0.0,0.0,0.0,474.0,0.6685472496473907,205.0,0.28913963328631875,17.0,0.023977433004231313,13.0,0.018335684062059238,0.0,0.0,0.0,,0.0,,0.0,,0.0,,0.0,,241.0,95,194,0.3347222222222222,0.3941908713692946,0.8049792531120332,720.0,600,1.0,0.8333333333333334,52.0,0.5473684210526316,37.0,0.3894736842105263,4.0,0.042105263157894736,2.0,0.021052631578947368,0.0,0.0,116.0,0.5979381443298969,64.0,0.32989690721649484,8.0,0.041237113402061855,6.0,0.030927835051546393,0.0,0.0,383.0,0.6383333333333333,181.0,0.3016666666666667,20.0,0.03333333333333333,16.0,0.02666666666666667,0.0,0.0,1.0
2024,2,Reuben Berlin,3784.0,0.0490428606607307,656.0,0.0085021449771245,77157.0,19290.0,False,Reuben Berlin,2024|2|reuben berlin,6309.98,81.0,77.90098765432099,25.0,1060.0,47.0,0.16798785416118595,0.5802469135802469,1800.0,25.0,0.2852623938586176,0.30864197530864196,750.0,3.0,0.11885933077442401,0.037037037037037035,2699.98,6.0,0.4278904212057725,0.07407407407407407,0.0,0.0,0.0,0.0,81.0,6309.98,1.0,1.0,0.0,0.0,0.0,0.0,47.0,0.5802469135802469,25.0,0.30864197530864196,3.0,0.037037037037037035,6.0,0.07407407407407407,0.0,0.0,0.0,,0.0,,0.0,,0.0,,0.0,,77.0,4860.0,0.9506172839506173,0.7702084634182677,0.0,0.0,0.0,0.0,47.0,0.6103896103896104,24.0,0.3116883116883117,3.0,0.03896103896103896,3.0,0.03896103896103896,0.0,0.0,0.0,,0.0,,0.0,,0.0,,0.0,,79.0,42,58,0.9753086419753086,0.5316455696202531,0.7341772151898734,81.0,70,1.0,0.8641975308641975,26.0,0.6190476190476191,15.0,0.35714285714285715,0.0,0.0,1.0,0.023809523809523808,0.0,0.0,37.0,0.6379310344827587,20.0,0.3448275862068966,0.0,0.0,1.0,0.017241379310344827,0.0,0.0,42.0,0.6,21.0,0.3,3.0,0.04285714285714286,4.0,0.05714285714285714,0.0,0.0,0.9999999999999999
2024,3,Terry Parker,2799.0,0.0331183813524226,375.0,0.0044370821747618,84515.0,21129.0,False,Terry Parker,2024|3|terry parker,,,,,,,,,,,,,,,,,,,,,,,,,,,,,,,,,,,,,,,,,,,,,,,,,,,,,,,,,,,,,,,,,,,,,,,,,,,,,,,,,,,,,,,,,,,,,,,,,,,,,,,,,,,,,,,,,,,,,,,,,
2024,3,Brian Conley,6253.0,0.0739868662367627,506.0,0.0059871028811453,84515.0,21129.0,False,Brian Conley,2024|3|brian conley,,,,,,,,,,,,,,,,,,,,,,,,,,,,,,,,,,,,,,,,,,,,,,,,,,,,,,,,,,,,,,,,,,,,,,,,,,,,,,,,,,,,,,,,,,,,,,,,,,,,,,,,,,,,,,,,,,,,,,,,,
2024,3,Angelita Morillo,47477.0,0.561758267763119,16399.0,0.19403656155712,84515.0,21129.0,True,Angelita Morillo,2024|3|angelita morillo,64641.17,2187.0,29.55700502972108,20.0,26290.0,1718.0,0.4067067474180929,0.7855509830818472,24993.5,413.0,0.3866498703535224,0.18884316415180613,7857.67,40.0,0.12155828862627333,0.01828989483310471,5500.0,16.0,0.08508509360211147,0.007315957933241884,0.0,0.0,0.0,0.0,2185.0,64366.5,0.9990855052583447,0.9957508504255106,2.0,274.67,0.0009144947416552355,0.004249149574489447,1718.0,0.7862700228832952,413.0,0.18901601830663617,38.0,0.017391304347826087,16.0,0.007322654462242563,0.0,0.0,0.0,0.0,0.0,0.0,2.0,1.0,0.0,0.0,0.0,0.0,2180.0,63133.0,0.9967992684042066,0.9766685844331098,1.0,160.68,0.0004572473708276177,0.0024857223345431403,1718.0,0.7880733944954128,412.0,0.1889908256880734,36.0,0.01651376146788991,14.0,0.006422018348623854,0.0,0.0,0.0,0.0,0.0,0.0,1.0,1.0,0.0,0.0,0.0,0.0,1536.0,576,1221,0.7023319615912208,0.375,0.794921875,2187.0,2044,1.0,0.9346136259716507,436.0,0.7569444444444444,128.0,0.2222222222222222,7.0,0.012152777777777778,5.0,0.008680555555555556,0.0,0.0,953.0,0.7805077805077805,240.0,0.19656019656019655,19.0,0.015561015561015561,9.0,0.007371007371007371,0.0,0.0,1602.0,0.7837573385518591,390.0,0.1908023483365949,38.0,0.018590998043052837,14.0,0.00684931506849315,0.0,0.0,1.0
2024,3,Ahlam K Osman,12133.0,0.1435603147370289,709.0,0.0083890433650831,84515.0,21129.0,False,Ahlam K Osman,2024|3|ahlam k osman,9002.06,454.0,19.828325991189427,10.0,4982.06,405.0,0.5534355469748036,0.8920704845814978,3265.0,45.0,0.362694760976932,0.09911894273127753,755.0,4.0,0.08386969204826451,0.00881057268722467,0.0,0.0,0.0,0.0,0.0,0.0,0.0,0.0,454.0,9002.06,1.0,1.0,0.0,0.0,0.0,0.0,405.0,0.8920704845814978,45.0,0.09911894273127753,4.0,0.00881057268722467,0.0,0.0,0.0,0.0,0.0,,0.0,,0.0,,0.0,,0.0,,454.0,9002.06,1.0,1.0,0.0,0.0,0.0,0.0,405.0,0.8920704845814978,45.0,0.09911894273127753,4.0,0.00881057268722467,0.0,0.0,0.0,0.0,0.0,,0.0,,0.0,,0.0,,0.0,,30.0,5,23,0.06607929515418502,0.16666666666666666,0.7666666666666667,454.0,441,1.0,0.9713656387665198,2.0,0.4,3.0,0.6,0.0,0.0,0.0,0.0,0.0,0.0,15.0,0.6521739130434783,8.0,0.34782608695652173,0.0,0.0,0.0,0.0,0.0,0.0,393.0,0.891156462585034,44.0,0.09977324263038549,4.0,0.009070294784580499,0.0,0.0,0.0,0.0,1.0
2024,3,Patrick Hilton,1462.0,0.0172987043720049,194.0,0.0022954505117434,84515.0,21129.0,False,Patrick Hilton,2024|3|patrick hilton,,,,,,,,,,,,,,,,,,,,,,,,,,,,,,,,,,,,,,,,,,,,,,,,,,,,,,,,,,,,,,,,,,,,,,,,,,,,,,,,,,,,,,,,,,,,,,,,,,,,,,,,,,,,,,,,,,,,,,,,,
2024,3,Steve Novick,51189.0,0.6056794651836952,20457.0,0.2420517067976099,84515.0,21129.0,True,Steve Novick,2024|3|steve novick,87240.55,1193.0,73.12703269069573,35.0,9857.55,587.0,0.1129927539429772,0.4920368818105616,33503.0,447.0,0.3840301327765586,0.37468566638725903,19980.0,91.0,0.22902193991211656,0.07627829002514669,23900.0,68.0,0.2739551733683476,0.05699916177703269,0.0,0.0,0.0,0.0,1191.0,87176.55,0.9983235540653814,0.9992663961884697,1.0,49.0,0.0008382229673093043,0.0005616654182028885,586.0,0.4920235096557515,446.0,0.3744752308984047,91.0,0.0764063811922754,68.0,0.05709487825356843,0.0,0.0,0.0,0.0,1.0,1.0,0.0,0.0,0.0,0.0,0.0,0.0,1188.0,85725.55,0.9958088851634534,0.9826342222739312,1.0,15.0,0.0008382229673093043,0.00017193839332741483,586.0,0.49326599326599324,447.0,0.37626262626262624,91.0,0.0765993265993266,64.0,0.05387205387205387,0.0,0.0,1.0,1.0,0.0,0.0,0.0,0.0,0.0,0.0,0.0,0.0,558.0,171,456,0.4677284157585918,0.3064516129032258,0.8172043010752689,1193.0,1103,1.0,0.9245599329421627,94.0,0.5497076023391813,61.0,0.3567251461988304,7.0,0.04093567251461988,9.0,0.05263157894736842,0.0,0.0,215.0,0.47149122807017546,178.0,0.39035087719298245,40.0,0.08771929824561403,23.0,0.05043859649122807,0.0,0.0,564.0,0.5113327289211242,404.0,0.36627379873073435,81.0,0.07343608340888486,54.0,0.04895738893925657,0.0,0.0,1.0
2024,3,Christopher Brummer,1914.0,0.0226468674199846,263.0,0.0031118736318996,84515.0,21129.0,False,Christopher Brummer,2024|3|christopher brummer,,,,,,,,,,,,,,,,,,,,,,,,,,,,,,,,,,,,,,,,,,,,,,,,,,,,,,,,,,,,,,,,,,,,,,,,,,,,,,,,,,,,,,,,,,,,,,,,,,,,,,,,,,,,,,,,,,,,,,,,,
2024,3,Kezia Wanner,19435.0,0.2299591788439922,5313.0,0.0628645802520262,84515.0,21129.0,False,Kezia Wanner,2024|3|kezia wanner,,,,,,,,,,,,,,,,,,,,,,,,,,,,,,,,,,,,,,,,,,,,,,,,,,,,,,,,,,,,,,,,,,,,,,,,,,,,,,,,,,,,,,,,,,,,,,,,,,,,,,,,,,,,,,,,,,,,,,,,,
2024,3,Daniel DeMelo,11982.0,0.1417736496479914,1571.0,0.018588416257469,84515.0,21129.0,False,Daniel DeMelo,2024|3|daniel demelo,,,,,,,,,,,,,,,,,,,,,,,,,,,,,,,,,,,,,,,,,,,,,,,,,,,,,,,,,,,,,,,,,,,,,,,,,,,,,,,,,,,,,,,,,,,,,,,,,,,,,,,,,,,,,,,,,,,,,,,,,
2024,3,David O'Connor,1007.0,0.0119150446666272,174.0,0.0020588061290895,84515.0,21129.0,False,David O'Connor,2024|3|david o connor,,,,,,,,,,,,,,,,,,,,,,,,,,,,,,,,,,,,,,,,,,,,,,,,,,,,,,,,,,,,,,,,,,,,,,,,,,,,,,,,,,,,,,,,,,,,,,,,,,,,,,,,,,,,,,,,,,,,,,,,,
2024,3,Harrison Kass,9223.0,0.1091285570608767,2786.0,0.0329645625036975,84515.0,21129.0,False,Harrison Kass,2024|3|harrison kass,16057.89,372.0,43.16637096774193,25.0,4263.89,274.0,0.26553239560116554,0.7365591397849462,5900.0,80.0,0.36742062624666133,0.21505376344086022,2200.0,9.0,0.1370043013123144,0.024193548387096774,3694.0,9.0,0.2300426768398588,0.024193548387096774,0.0,0.0,0.0,0.0,370.0,15448.89,0.9946236559139785,0.9620747184094548,0.0,0.0,0.0,0.0,273.0,0.7378378378378379,80.0,0.21621621621621623,9.0,0.024324324324324326,8.0,0.021621621621621623,0.0,0.0,0.0,,0.0,,0.0,,0.0,,0.0,,370.0,15448.89,0.9946236559139785,0.9620747184094548,2.0,609.0,0.005376344086021506,0.03792528159054521,273.0,0.7378378378378379,80.0,0.21621621621621623,9.0,0.024324324324324326,8.0,0.021621621621621623,0.0,0.0,1.0,0.5,0.0,0.0,0.0,0.0,1.0,0.5,0.0,0.0,0.0,0,0,0.0,,,372.0,359,1.0,0.9650537634408602,0.0,,0.0,,0.0,,0.0,,0.0,,0.0,,0.0,,0.0,,0.0,,0.0,,269.0,0.7493036211699164,75.0,0.20891364902506965,9.0,0.025069637883008356,6.0,0.016713091922005572,0.0,0.0,1.0
2024,3,Luke Zak,8581.0,0.1015322723776844,548.0,0.0064840560847186,84515.0,21129.0,False,Luke Zak,2024|3|luke zak,9730.62,473.0,20.572135306553914,10.0,4374.93,414.0,0.44960444452665915,0.8752642706131079,3055.0,52.0,0.3139573840104741,0.10993657505285412,451.69,3.0,0.04641944706503799,0.006342494714587738,1849.0,4.0,0.1900187243978287,0.008456659619450317,0.0,0.0,0.0,0.0,473.0,9730.62,1.0,1.0,0.0,0.0,0.0,0.0,414.0,0.8752642706131079,52.0,0.10993657505285412,3.0,0.006342494714587738,4.0,0.008456659619450317,0.0,0.0,0.0,,0.0,,0.0,,0.0,,0.0,,473.0,9730.62,1.0,1.0,0.0,0.0,0.0,0.0,414.0,0.8752642706131079,52.0,0.10993657505285412,3.0,0.006342494714587738,4.0,0.008456659619450317,0.0,0.0,0.0,,0.0,,0.0,,0.0,,0.0,,240.0,26,76,0.507399577167019,0.10833333333333334,0.31666666666666665,473.0,305,1.0,0.6448202959830867,18.0,0.6923076923076923,8.0,0.3076923076923077,0.0,0.0,0.0,0.0,0.0,0.0,54.0,0.7105263157894737,19.0,0.25,2.0,0.02631578947368421,1.0,0.013157894736842105,0.0,0.0,271.0,0.8885245901639345,30.0,0.09836065573770492,3.0,0.009836065573770493,1.0,0.003278688524590164,0.0,0.0,1.0
2024,3,Melodie Beirwagen,6165.0,0.0729456309530852,1132.0,0.0133940720582145,84515.0,21129.0,False,Melodie Beirwagen,2024|3|melodie beirwagen,,,,,,,,,,,,,,,,,,,,,,,,,,,,,,,,,,,,,,,,,,,,,,,,,,,,,,,,,,,,,,,,,,,,,,,,,,,,,,,,,,,,,,,,,,,,,,,,,,,,,,,,,,,,,,,,,,,,,,,,,
2024,3,John Sweeney,1588.0,0.0187895639827249,236.0,0.0027924037153168,84515.0,21129.0,False,John Sweeney,2024|3|john sweeney,,,,,,,,,,,,,,,,,,,,,,,,,,,,,,,,,,,,,,,,,,,,,,,,,,,,,,,,,,,,,,,,,,,,,,,,,,,,,,,,,,,,,,,,,,,,,,,,,,,,,,,,,,,,,,,,,,,,,,,,,
2024,3,Clifford Higgins,998.0,0.0118085546944329,104.0,0.0012305507898006,84515.0,21129.0,False,Clifford Higgins,2024|3|clifford higgins,,,,,,,,,,,,,,,,,,,,,,,,,,,,,,,,,,,,,,,,,,,,,,,,,,,,,,,,,,,,,,,,,,,,,,,,,,,,,,,,,,,,,,,,,,,,,,,,,,,,,,,,,,,,,,,,,,,,,,,,,
2024,3,Chris Flanary,20728.0,0.2452582381825711,1242.0,0.0146956161628113,84515.0,21129.0,False,Chris Flanary,2024|3|chris flanary,17826.94,442.0,40.33244343891403,20.0,5667.37,359.0,0.3179104209696112,0.8122171945701357,3613.87,59.0,0.20271959180880175,0.1334841628959276,1221.47,6.0,0.06851820895790305,0.013574660633484163,7324.23,18.0,0.4108517782636841,0.04072398190045249,0.0,0.0,0.0,0.0,433.0,15818.13,0.9796380090497737,0.8873160508758093,9.0,2008.8100000000002,0.020361990950226245,0.1126839491241907,357.0,0.8244803695150116,56.0,0.12933025404157045,4.0,0.009237875288683603,16.0,0.03695150115473441,0.0,0.0,2.0,0.2222222222222222,3.0,0.3333333333333333,2.0,0.2222222222222222,2.0,0.2222222222222222,0.0,0.0,425.0,13293.13,0.9615384615384616,0.7456764873837013,0.0,0.0,0.0,0.0,358.0,0.8423529411764706,52.0,0.1223529411764706,4.0,0.009411764705882352,11.0,0.02588235294117647,0.0,0.0,0.0,,0.0,,0.0,,0.0,,0.0,,230.0,81,178,0.5203619909502263,0.3521739130434783,0.7739130434782608,442.0,387,1.0,0.8755656108597285,68.0,0.8395061728395061,10.0,0.12345679012345678,0.0,0.0,3.0,0.037037037037037035,0.0,0.0,152.0,0.8539325842696629,20.0,0.11235955056179775,0.0,0.0,6.0,0.033707865168539325,0.0,0.0,323.0,0.834625322997416,44.0,0.11369509043927649,5.0,0.012919896640826873,15.0,0.03875968992248062,0.0,0.0,0.9999999999999999
2024,3,Sandeep Bali,7250.0,0.0857835887120629,1408.0,0.0166597645388392,84515.0,21129.0,False,Sandeep Bali,2024|3|sandeep bali,,,,,,,,,,,,,,,,,,,,,,,,,,,,,,,,,,,,,,,,,,,,,,,,,,,,,,,,,,,,,,,,,,,,,,,,,,,,,,,,,,,,,,,,,,,,,,,,,,,,,,,,,,,,,,,,,,,,,,,,,
2024,3,Jonathan (Jon) Walker,8736.0,0.1033662663432526,1322.0,0.0156421936934272,84515.0,21129.0,False,Jonathan (Jon) Walker,2024|3|jonathan jon walker,3842.5,97.0,39.61340206185567,25.0,1262.5,73.0,0.328562134027326,0.7525773195876289,1480.0,20.0,0.38516590761223163,0.20618556701030927,750.0,3.0,0.1951854261548471,0.030927835051546393,350.0,1.0,0.09108653220559532,0.010309278350515464,0.0,0.0,0.0,0.0,97.0,3842.5,1.0,1.0,0.0,0.0,0.0,0.0,73.0,0.7525773195876289,20.0,0.20618556701030927,3.0,0.030927835051546393,1.0,0.010309278350515464,0.0,0.0,0.0,,0.0,,0.0,,0.0,,0.0,,97.0,3842.5,1.0,1.0,0.0,0.0,0.0,0.0,73.0,0.7525773195876289,20.0,0.20618556701030927,3.0,0.030927835051546393,1.0,0.010309278350515464,0.0,0.0,0.0,,0.0,,0.0,,0.0,,0.0,,36.0,14,21,0.3711340206185567,0.3888888888888889,0.5833333333333334,97.0,80,1.0,0.8247422680412371,13.0,0.9285714285714286,1.0,0.07142857142857142,0.0,0.0,0.0,0.0,0.0,0.0,19.0,0.9047619047619048,2.0,0.09523809523809523,0.0,0.0,0.0,0.0,0.0,0.0,65.0,0.8125,14.0,0.175,0.0,0.0,1.0,0.0125,0.0,0.0,0.9999999999999999
2024,3,Kenneth (Kent) R Landgraver III,1771.0,0.0209548600840087,172.0,0.0020351416908241,84515.0,21129.0,False,Kenneth (Kent) R Landgraver III,2024|3|kenneth kent r landgraver iii,,,,,,,,,,,,,,,,,,,,,,,,,,,,,,,,,,,,,,,,,,,,,,,,,,,,,,,,,,,,,,,,,,,,,,,,,,,,,,,,,,,,,,,,,,,,,,,,,,,,,,,,,,,,,,,,,,,,,,,,,
2024,3,Heart Free Pham,3742.0,0.0442761639945571,546.0,0.0064603916464532,84515.0,21129.0,False,Heart Free Pham,2024|3|heart free pham,,,,,,,,,,,,,,,,,,,,,,,,,,,,,,,,,,,,,,,,,,,,,,,,,,,,,,,,,,,,,,,,,,,,,,,,,,,,,,,,,,,,,,,,,,,,,,,,,,,,,,,,,,,,,,,,,,,,,,,,,
2024,3,Jaclyn Smith-Moore,1436.0,0.0169910666745548,194.0,0.0022954505117434,84515.0,21129.0,False,Jaclyn Smith-Moore,2024|3|jaclyn smith moore,,,,,,,,,,,,,,,,,,,,,,,,,,,,,,,,,,,,,,,,,,,,,,,,,,,,,,,,,,,,,,,,,,,,,,,,,,,,,,,,,,,,,,,,,,,,,,,,,,,,,,,,,,,,,,,,,,,,,,,,,
2024,3,Tiffany Koyama Lane,45876.0,0.542814884931669,16320.0,0.1931018162456368,84515.0,21129.0,True,Tiffany Koyama Lane,2024|3|tiffany koyama lane,88689.62,2848.0,31.141018258426964,20.0,34322.0,2157.0,0.38699004460724945,0.757373595505618,35164.62,623.0,0.3964908182039793,0.21875,7708.0,37.0,0.0869098322892803,0.012991573033707866,11495.0,31.0,0.12960930489949107,0.010884831460674158,0.0,0.0,0.0,0.0,2844.0,88409.0,0.9985955056179775,0.9968359318711706,4.0,280.62,0.0014044943820224719,0.003164068128829507,2157.0,0.7584388185654009,619.0,0.21765119549929676,37.0,0.013009845288326301,31.0,0.01090014064697609,0.0,0.0,0.0,0.0,4.0,1.0,0.0,0.0,0.0,0.0,0.0,0.0,2845.0,87758.99,0.9989466292134831,0.9895068893067758,0.0,0.0,0.0,0.0,2157.0,0.7581722319859402,622.0,0.2186291739894552,37.0,0.013005272407732865,29.0,0.010193321616871705,0.0,0.0,0.0,,0.0,,0.0,,0.0,,0.0,,1560.0,815,1317,0.547752808988764,0.5224358974358975,0.8442307692307692,2848.0,2575,1.0,0.9041432584269663,617.0,0.7570552147239263,180.0,0.22085889570552147,3.0,0.0036809815950920245,15.0,0.018404907975460124,0.0,0.0,1003.0,0.7615793470007594,291.0,0.22095671981776766,6.0,0.004555808656036446,17.0,0.012908124525436599,0.0,0.0,1996.0,0.7751456310679612,524.0,0.20349514563106796,28.0,0.01087378640776699,27.0,0.010485436893203883,0.0,0.0,1.0
2024,3,Kelly Janes (KJ),2684.0,0.0317576761521623,225.0,0.0026622493048571,84515.0,21129.0,False,Kelly Janes (KJ),2024|3|kelly janes kj,4730.0,66.0,71.66666666666667,25.0,680.0,47.0,0.14376321353065538,0.7121212121212122,550.0,10.0,0.11627906976744186,0.15151515151515152,250.0,1.0,0.052854122621564484,0.015151515151515152,3250.0,8.0,0.6871035940803383,0.12121212121212122,0.0,0.0,0.0,0.0,66.0,4730.0,1.0,1.0,0.0,0.0,0.0,0.0,47.0,0.7121212121212122,10.0,0.15151515151515152,1.0,0.015151515151515152,8.0,0.12121212121212122,0.0,0.0,0.0,,0.0,,0.0,,0.0,,0.0,,66.0,4730.0,1.0,1.0,0.0,0.0,0.0,0.0,47.0,0.7121212121212122,10.0,0.15151515151515152,1.0,0.015151515151515152,8.0,0.12121212121212122,0.0,0.0,0.0,,0.0,,0.0,,0.0,,0.0,,25.0,8,15,0.3787878787878788,0.32,0.6,66.0,46,1.0,0.696969696969697,5.0,0.625,1.0,0.125,0.0,0.0,2.0,0.25,0.0,0.0,12.0,0.8,1.0,0.06666666666666667,0.0,0.0,2.0,0.13333333333333333,0.0,0.0,41.0,0.8913043478260869,3.0,0.06521739130434782,0.0,0.0,2.0,0.043478260869565216,0.0,0.0,1.0
2024,3,Dan Gilk,3130.0,0.0370348458853457,330.0,0.0039046323137904,84515.0,21129.0,False,Dan Gilk,2024|3|dan gilk,3490.0,40.0,87.25,25.0,365.0,22.0,0.10458452722063037,0.55,785.0,11.0,0.22492836676217765,0.275,240.0,1.0,0.06876790830945559,0.025,2100.0,6.0,0.6017191977077364,0.15,0.0,0.0,0.0,0.0,39.0,3455.0,0.975,0.9899713467048711,0.0,0.0,0.0,0.0,22.0,0.5641025641025641,10.0,0.2564102564102564,1.0,0.02564102564102564,6.0,0.15384615384615385,0.0,0.0,0.0,,0.0,,0.0,,0.0,,0.0,,31.0,1205.0,0.775,0.3452722063037249,1.0,35.0,0.025,0.01002865329512894,22.0,0.7096774193548387,8.0,0.25806451612903225,1.0,0.03225806451612903,0.0,0.0,0.0,0.0,0.0,0.0,1.0,1.0,0.0,0.0,0.0,0.0,0.0,0.0,37.0,13,30,0.925,0.35135135135135137,0.8108108108108109,40.0,34,1.0,0.85,8.0,0.6153846153846154,4.0,0.3076923076923077,0.0,0.0,1.0,0.07692307692307693,0.0,0.0,18.0,0.6,8.0,0.26666666666666666,0.0,0.0,4.0,0.13333333333333333,0.0,0.0,19.0,0.5588235294117647,9.0,0.2647058823529412,0.0,0.0,6.0,0.17647058823529413,0.0,0.0,1.0
2024,3,Theo Hathaway Saner,3525.0,0.0417085724427616,219.0,0.0025912559900609,84515.0,21129.0,False,Theo Hathaway Saner,2024|3|theo hathaway saner,7504.99,238.0,31.533571428571427,20.0,2822.0,190.0,0.376016490361746,0.7983193277310925,2682.22,41.0,0.35739154882284985,0.1722689075630252,850.0,4.0,0.11325797902462229,0.01680672268907563,1150.77,3.0,0.15333398179078186,0.012605042016806723,0.0,0.0,0.0,0.0,236.0,6962.0,0.9915966386554622,0.9276494705522592,0.0,0.0,0.0,0.0,190.0,0.8050847457627118,40.0,0.1694915254237288,4.0,0.01694915254237288,2.0,0.00847457627118644,0.0,0.0,0.0,,0.0,,0.0,,0.0,,0.0,,236.0,6962.0,0.9915966386554622,0.9276494705522592,1.0,470.77,0.004201680672268907,0.06272759857108404,190.0,0.8050847457627118,40.0,0.1694915254237288,4.0,0.01694915254237288,2.0,0.00847457627118644,0.0,0.0,0.0,0.0,0.0,0.0,0.0,0.0,1.0,1.0,0.0,0.0,76.0,23,68,0.31932773109243695,0.3026315789473684,0.8947368421052632,238.0,230,1.0,0.9663865546218487,16.0,0.6956521739130435,6.0,0.2608695652173913,0.0,0.0,1.0,0.043478260869565216,0.0,0.0,46.0,0.6764705882352942,21.0,0.3088235294117647,0.0,0.0,1.0,0.014705882352941176,0.0,0.0,185.0,0.8043478260869565,38.0,0.16521739130434782,4.0,0.017391304347826087,3.0,0.013043478260869565,0.0,0.0,1.0000000000000002
2024,3,Jesse Cornett,31392.0,0.3714370230136662,3860.0,0.0456723658522155,84515.0,21129.0,True,Jesse Cornett,2024|3|jesse cornett,52912.46,1244.0,42.53413183279743,20.0,12603.96,851.0,0.23820400714689885,0.6840836012861736,19002.13,323.0,0.3591239190164283,0.2596463022508039,7919.12,36.0,0.14966455916054555,0.028938906752411574,13387.25,34.0,0.2530075146761273,0.027331189710610933,0.0,0.0,0.0,0.0,1232.0,50907.0,0.9903536977491961,0.962098530289463,5.0,357.77,0.0040192926045016075,0.006761545390254016,849.0,0.6891233766233766,317.0,0.2573051948051948,34.0,0.027597402597402596,32.0,0.025974025974025976,0.0,0.0,1.0,0.2,3.0,0.6,1.0,0.2,0.0,0.0,0.0,0.0,1228.0,49082.79,0.9871382636655949,0.927622529740632,5.0,365.44,0.0040192926045016075,0.006906501795607311,850.0,0.6921824104234527,318.0,0.25895765472312704,32.0,0.026058631921824105,28.0,0.02280130293159609,0.0,0.0,1.0,0.2,3.0,0.6,1.0,0.2,0.0,0.0,0.0,0.0,744.0,244,558,0.5980707395498392,0.3279569892473118,0.75,1244.0,1140,1.0,0.9163987138263665,164.0,0.6721311475409836,70.0,0.28688524590163933,3.0,0.012295081967213115,7.0,0.028688524590163935,0.0,0.0,374.0,0.6702508960573477,154.0,0.27598566308243727,13.0,0.023297491039426525,17.0,0.03046594982078853,0.0,0.0,808.0,0.7087719298245614,272.0,0.23859649122807017,29.0,0.02543859649122807,31.0,0.027192982456140352,0.0,0.0,1.0
2024,3,Matthew (Matt) Anderson,4506.0,0.0533159794119387,755.0,0.0089333254451872,84515.0,21129.0,False,Matthew (Matt) Anderson,2024|3|matthew matt anderson,710.0,6.0,118.33333333333333,75.0,10.0,1.0,0.014084507042253521,0.16666666666666666,200.0,3.0,0.28169014084507044,0.5,500.0,2.0,0.704225352112676,0.3333333333333333,0.0,0.0,0.0,0.0,0.0,0.0,0.0,0.0,6.0,710.0,1.0,1.0,0.0,0.0,0.0,0.0,1.0,0.16666666666666666,3.0,0.5,2.0,0.3333333333333333,0.0,0.0,0.0,0.0,0.0,,0.0,,0.0,,0.0,,0.0,,6.0,710.0,1.0,1.0,0.0,0.0,0.0,0.0,1.0,0.16666666666666666,3.0,0.5,2.0,0.3333333333333333,0.0,0.0,0.0,0.0,0.0,,0.0,,0.0,,0.0,,0.0,,5.0,0,1,0.8333333333333334,0.0,0.2,6.0,2,1.0,0.3333333333333333,0.0,,0.0,,0.0,,0.0,,0.0,,1.0,1.0,0.0,0.0,0.0,0.0,0.0,0.0,0.0,0.0,1.0,0.5,1.0,0.5,0.0,0.0,0.0,0.0,0.0,0.0,1.0
2024,3,Cristal Azul Otero,20621.0,0.2439921907353724,1405.0,0.0166242678814411,84515.0,21129.0,False,Cristal Azul Otero,2024|3|cristal azul otero,,,,,,,,,,,,,,,,,,,,,,,,,,,,,,,,,,,,,,,,,,,,,,,,,,,,,,,,,,,,,,,,,,,,,,,,,,,,,,,,,,,,,,,,,,,,,,,,,,,,,,,,,,,,,,,,,,,,,,,,,
2024,3,Rex Burkholder,29335.0,0.3470981482577057,3951.0,0.0467490977932911,84515.0,21129.0,True,Rex Burkholder,2024|3|rex burkholder,39230.39,524.0,74.86715648854961,40.0,4931.0,255.0,0.12569337189867347,0.4866412213740458,14093.39,196.0,0.3592467472283605,0.37404580152671757,7681.0,37.0,0.19579208873528914,0.07061068702290077,12525.0,36.0,0.3192677921376769,0.06870229007633588,0.0,0.0,0.0,0.0,521.0,38729.0,0.9942748091603053,0.9872193470419234,2.0,435.82,0.003816793893129771,0.011109244644266856,255.0,0.4894433781190019,194.0,0.3723608445297505,37.0,0.0710172744721689,35.0,0.0671785028790787,0.0,0.0,0.0,0.0,1.0,0.5,0.0,0.0,1.0,0.5,0.0,0.0,521.0,38729.0,0.9942748091603053,0.9872193470419234,1.0,65.57,0.0019083969465648854,0.0016714083138097784,255.0,0.4894433781190019,194.0,0.3723608445297505,37.0,0.0710172744721689,35.0,0.0671785028790787,0.0,0.0,0.0,0.0,1.0,1.0,0.0,0.0,0.0,0.0,0.0,0.0,301.0,122,250,0.5744274809160306,0.4053156146179402,0.8305647840531561,524.0,494,1.0,0.9427480916030534,82.0,0.6721311475409836,34.0,0.2786885245901639,1.0,0.00819672131147541,5.0,0.040983606557377046,0.0,0.0,137.0,0.548,84.0,0.336,12.0,0.048,17.0,0.068,0.0,0.0,248.0,0.5020242914979757,183.0,0.37044534412955465,28.0,0.05668016194331984,35.0,0.0708502024291498,0.0,0.0,1.0
2024,3,Philippe Knab,19531.0,0.2310950718807312,1551.0,0.0183517718748151,84515.0,21129.0,False,Philippe Knab,2024|3|philippe knab,5115.0,47.0,108.82978723404256,50.0,335.0,23.0,0.06549364613880743,0.48936170212765956,1100.0,14.0,0.21505376344086022,0.2978723404255319,1180.0,5.0,0.23069403714565004,0.10638297872340426,2500.0,5.0,0.4887585532746823,0.10638297872340426,0.0,0.0,0.0,0.0,47.0,5115.0,1.0,1.0,0.0,0.0,0.0,0.0,23.0,0.48936170212765956,14.0,0.2978723404255319,5.0,0.10638297872340426,5.0,0.10638297872340426,0.0,0.0,0.0,,0.0,,0.0,,0.0,,0.0,,47.0,5115.0,1.0,1.0,0.0,0.0,0.0,0.0,23.0,0.48936170212765956,14.0,0.2978723404255319,5.0,0.10638297872340426,5.0,0.10638297872340426,0.0,0.0,0.0,,0.0,,0.0,,0.0,,0.0,,41.0,12,19,0.8723404255319149,0.2926829268292683,0.4634146341463415,47.0,27,1.0,0.574468085106383,11.0,0.9166666666666666,1.0,0.08333333333333333,0.0,0.0,0.0,0.0,0.0,0.0,14.0,0.7368421052631579,3.0,0.15789473684210525,1.0,0.05263157894736842,1.0,0.05263157894736842,0.0,0.0,20.0,0.7407407407407407,5.0,0.18518518518518517,1.0,0.037037037037037035,1.0,0.037037037037037035,0.0,0.0,1.0
2024,4,Brandon Farley,866.0,0.0112882411981698,168.0,0.0021898666527627,76717.0,19180.0,False,Brandon Farley,2024|4|brandon farley,,,,,,,,,,,,,,,,,,,,,,,,,,,,,,,,,,,,,,,,,,,,,,,,,,,,,,,,,,,,,,,,,,,,,,,,,,,,,,,,,,,,,,,,,,,,,,,,,,,,,,,,,,,,,,,,,,,,,,,,,
2024,4,Mitch Green,33043.0,0.4307128798049975,10387.0,0.1353937197752779,76717.0,19180.0,True,Mitch Green,2024|4|mitch green,60464.56,1568.0,38.56158163265306,20.0,15991.9,1230.0,0.2644838563284013,0.7844387755102041,17834.23,283.0,0.2949534404947295,0.18048469387755103,5857.45,27.0,0.09687410278020711,0.01721938775510204,10107.75,25.0,0.1671681725625722,0.01594387755102041,10673.23,3.0,0.17652042783408992,0.001913265306122449,1549.0,47041.99,0.9878826530612245,0.7780092999932522,19.0,13422.57,0.01211734693877551,0.22199070000674775,1227.0,0.7921239509360878,276.0,0.17817947062621045,24.0,0.015493867010974823,22.0,0.014202711426726921,0.0,0.0,3.0,0.15789473684210525,7.0,0.3684210526315789,3.0,0.15789473684210525,3.0,0.15789473684210525,3.0,0.15789473684210525,1545.0,46414.66,0.9853316326530612,0.7676341314647788,1.0,82.32,0.0006377551020408163,0.001361458679266003,1226.0,0.7935275080906149,275.0,0.1779935275080906,23.0,0.01488673139158576,21.0,0.013592233009708738,0.0,0.0,0.0,0.0,1.0,1.0,0.0,0.0,0.0,0.0,0.0,0.0,626.0,152,532,0.399234693877551,0.24281150159744408,0.8498402555910544,1568.0,1363,1.0,0.8692602040816326,111.0,0.7302631578947368,31.0,0.20394736842105263,3.0,0.019736842105263157,7.0,0.046052631578947366,0.0,0.0,413.0,0.7763157894736842,104.0,0.19548872180451127,4.0,0.007518796992481203,11.0,0.020676691729323307,0.0,0.0,1080.0,0.7923697725605282,242.0,0.17754952311078503,19.0,0.013939838591342627,19.0,0.013939838591342627,3.0,0.0022010271460014674,1.0
2024,4,Mike DiNapoli,3001.0,0.0391177965770298,315.0,0.0041059999739301,76717.0,19180.0,False,Mike DiNapoli,2024|4|mike dinapoli,7289.0,131.0,55.6412213740458,25.0,1585.0,94.0,0.21745095349156263,0.7175572519083969,1720.0,28.0,0.23597201262175882,0.21374045801526717,150.0,1.0,0.020578954589106874,0.007633587786259542,3834.0,8.0,0.5259980792975717,0.061068702290076333,0.0,0.0,0.0,0.0,128.0,6420.0,0.9770992366412213,0.8807792564137742,1.0,350.0,0.007633587786259542,0.04801756070791604,94.0,0.734375,27.0,0.2109375,1.0,0.0078125,6.0,0.046875,0.0,0.0,0.0,0.0,0.0,0.0,0.0,0.0,1.0,1.0,0.0,0.0,127.0,5770.0,0.9694656488549618,0.7916037865276444,4.0,1519.0,0.030534351145038167,0.2083962134723556,94.0,0.7401574803149606,27.0,0.2125984251968504,1.0,0.007874015748031496,5.0,0.03937007874015748,0.0,0.0,0.0,0.0,1.0,0.25,0.0,0.0,3.0,0.75,0.0,0.0,107.0,54,92,0.816793893129771,0.5046728971962616,0.8598130841121495,131.0,126,1.0,0.9618320610687023,41.0,0.7592592592592593,12.0,0.2222222222222222,0.0,0.0,1.0,0.018518518518518517,0.0,0.0,67.0,0.7282608695652174,21.0,0.22826086956521738,0.0,0.0,4.0,0.043478260869565216,0.0,0.0,90.0,0.7142857142857143,27.0,0.21428571428571427,1.0,0.007936507936507936,8.0,0.06349206349206349,0.0,0.0,1.0
2024,4,Kevin Goldsmith,5721.0,0.0745727804789029,1432.0,0.018666006230692,76717.0,19180.0,False,Kevin Goldsmith,2024|4|kevin goldsmith,,,,,,,,,,,,,,,,,,,,,,,,,,,,,,,,,,,,,,,,,,,,,,,,,,,,,,,,,,,,,,,,,,,,,,,,,,,,,,,,,,,,,,,,,,,,,,,,,,,,,,,,,,,,,,,,,,,,,,,,,
2024,4,Joseph (Joe) Alfone,1613.0,0.0210253268506328,257.0,0.0033499745819049,76717.0,19180.0,False,Joseph (Joe) Alfone,2024|4|joseph joe alfone,,,,,,,,,,,,,,,,,,,,,,,,,,,,,,,,,,,,,,,,,,,,,,,,,,,,,,,,,,,,,,,,,,,,,,,,,,,,,,,,,,,,,,,,,,,,,,,,,,,,,,,,,,,,,,,,,,,,,,,,,
2024,4,Moses Ross,5238.0,0.06827691385221,578.0,0.007534184079148,76717.0,19180.0,False,Moses Ross,2024|4|moses ross,27896.63,1021.0,27.322850146914792,5.0,8731.87,859.0,0.3130080586794893,0.8413320274240941,7718.0,123.0,0.2766642422400125,0.12047012732615084,4771.76,23.0,0.171051485430319,0.022526934378060724,6675.0,16.0,0.23927621365017923,0.015670910871694418,0.0,0.0,0.0,0.0,1016.0,27612.0,0.9951028403525954,0.9897969754769662,0.0,0.0,0.0,0.0,857.0,0.843503937007874,121.0,0.11909448818897637,22.0,0.021653543307086614,16.0,0.015748031496062992,0.0,0.0,0.0,,0.0,,0.0,,0.0,,0.0,,1009.0,26270.63,0.9882468168462292,0.9417133897535294,5.0,636.0,0.004897159647404506,0.022798452716331685,857.0,0.8493557978196233,118.0,0.11694747274529237,19.0,0.018830525272547076,15.0,0.014866204162537165,0.0,0.0,2.0,0.4,1.0,0.2,1.0,0.2,1.0,0.2,0.0,0.0,362.0,167,295,0.3545543584720862,0.4613259668508287,0.8149171270718232,1021.0,981,1.0,0.960822722820764,121.0,0.7245508982035929,37.0,0.2215568862275449,7.0,0.041916167664670656,2.0,0.011976047904191617,0.0,0.0,218.0,0.7389830508474576,61.0,0.20677966101694914,11.0,0.03728813559322034,5.0,0.01694915254237288,0.0,0.0,842.0,0.8583078491335372,108.0,0.11009174311926606,20.0,0.020387359836901122,11.0,0.011213047910295617,0.0,0.0,1.0
2024,4,Michael Trimble,1856.0,0.0241928125448075,230.0,0.0029980317269966,76717.0,19180.0,False,Michael Trimble,2024|4|michael trimble,509.0,29.0,17.551724137931036,20.0,365.0,26.0,0.7170923379174853,0.896551724137931,144.0,3.0,0.2829076620825147,0.10344827586206896,0.0,0.0,0.0,0.0,0.0,0.0,0.0,0.0,0.0,0.0,0.0,0.0,28.0,465.0,0.9655172413793104,0.9135559921414538,0.0,0.0,0.0,0.0,26.0,0.9285714285714286,2.0,0.07142857142857142,0.0,0.0,0.0,0.0,0.0,0.0,0.0,,0.0,,0.0,,0.0,,0.0,,28.0,465.0,0.9655172413793104,0.9135559921414538,1.0,44.0,0.034482758620689655,0.08644400785854617,26.0,0.9285714285714286,2.0,0.07142857142857142,0.0,0.0,0.0,0.0,0.0,0.0,0.0,0.0,1.0,1.0,0.0,0.0,0.0,0.0,0.0,0.0,19.0,5,16,0.6551724137931034,0.2631578947368421,0.8421052631578947,29.0,27,1.0,0.9310344827586207,3.0,0.6,2.0,0.4,0.0,0.0,0.0,0.0,0.0,0.0,14.0,0.875,2.0,0.125,0.0,0.0,0.0,0.0,0.0,0.0,24.0,0.8888888888888888,3.0,0.1111111111111111,0.0,0.0,0.0,0.0,0.0,0.0,1.0
2024,4,Andra Vltavin,6504.0,0.0847791232712436,1355.0,0.0176623173481757,76717.0,19180.0,False,Andra Vltavín,2024|4|andra vltavin,800.0,3.0,266.6666666666667,250.0,0.0,0.0,0.0,0.0,50.0,1.0,0.0625,0.3333333333333333,250.0,1.0,0.3125,0.3333333333333333,500.0,1.0,0.625,0.3333333333333333,0.0,0.0,0.0,0.0,3.0,800.0,1.0,1.0,0.0,0.0,0.0,0.0,0.0,0.0,1.0,0.3333333333333333,1.0,0.3333333333333333,1.0,0.3333333333333333,0.0,0.0,0.0,,0.0,,0.0,,0.0,,0.0,,3.0,800.0,1.0,1.0,0.0,0.0,0.0,0.0,0.0,0.0,1.0,0.3333333333333333,1.0,0.3333333333333333,1.0,0.3333333333333333,0.0,0.0,0.0,,0.0,,0.0,,0.0,,0.0,,3.0,2,3,1.0,0.6666666666666666,1.0,3.0,3,1.0,1.0,0.0,0.0,0.0,0.0,1.0,0.5,1.0,0.5,0.0,0.0,0.0,0.0,1.0,0.3333333333333333,1.0,0.3333333333333333,1.0,0.3333333333333333,0.0,0.0,0.0,0.0,1.0,0.3333333333333333,1.0,0.3333333333333333,1.0,0.3333333333333333,0.0,0.0,1.0
2024,4,L Christopher Regis,346.0,0.004510082511047,23.0,0.0002998031726996,76717.0,19180.0,False,L Christopher Regis,2024|4|l christopher regis,,,,,,,,,,,,,,,,,,,,,,,,,,,,,,,,,,,,,,,,,,,,,,,,,,,,,,,,,,,,,,,,,,,,,,,,,,,,,,,,,,,,,,,,,,,,,,,,,,,,,,,,,,,,,,,,,,,,,,,,,
2024,4,Tony Schwartz,856.0,0.0111578919926483,100.0,0.0013034920552159,76717.0,19180.0,False,Tony Schwartz,2024|4|tony schwartz,,,,,,,,,,,,,,,,,,,,,,,,,,,,,,,,,,,,,,,,,,,,,,,,,,,,,,,,,,,,,,,,,,,,,,,,,,,,,,,,,,,,,,,,,,,,,,,,,,,,,,,,,,,,,,,,,,,,,,,,,
2024,4,Stanley Penkin,9570.0,0.1247441896841638,1092.0,0.0142341332429578,76717.0,19180.0,False,Stanley Penkin,2024|4|stanley penkin,61847.0,830.0,74.5144578313253,25.0,7232.0,442.0,0.11693372354358336,0.5325301204819277,20391.0,274.0,0.32970071304994586,0.3301204819277108,12501.0,55.0,0.20212783158439374,0.06626506024096386,21723.0,59.0,0.35123773182207707,0.07108433734939759,0.0,0.0,0.0,0.0,830.0,61847.0,1.0,1.0,0.0,0.0,0.0,0.0,442.0,0.5325301204819277,274.0,0.3301204819277108,55.0,0.06626506024096386,59.0,0.07108433734939759,0.0,0.0,0.0,,0.0,,0.0,,0.0,,0.0,,828.0,61532.0,0.9975903614457832,0.9949067861011852,1.0,15.0,0.0012048192771084338,0.00024253399518165796,441.0,0.532608695652174,274.0,0.3309178743961353,55.0,0.06642512077294686,58.0,0.07004830917874397,0.0,0.0,1.0,1.0,0.0,0.0,0.0,0.0,0.0,0.0,0.0,0.0,464.0,295,392,0.5590361445783133,0.6357758620689655,0.8448275862068966,830.0,795,1.0,0.9578313253012049,120.0,0.4067796610169492,117.0,0.39661016949152544,27.0,0.09152542372881356,31.0,0.10508474576271186,0.0,0.0,181.0,0.461734693877551,146.0,0.37244897959183676,29.0,0.07397959183673469,36.0,0.09183673469387756,0.0,0.0,435.0,0.5471698113207547,259.0,0.32578616352201256,50.0,0.06289308176100629,51.0,0.06415094339622641,0.0,0.0,1.0
2024,4,Eli Arnold,34636.0,0.4514775082445872,8123.0,0.1058826596451894,76717.0,19180.0,True,Eli Arnold,2024|4|eli arnold,50778.15,940.0,54.0193085106383,25.0,11331.39,626.0,0.22315484120630624,0.6659574468085107,16283.99,240.0,0.3206889183635087,0.2553191489361702,8172.6,36.0,0.16094717905240738,0.03829787234042553,14990.17,38.0,0.29520906137777764,0.04042553191489362,0.0,0.0,0.0,0.0,929.0,47889.38,0.9882978723404255,0.9431099793907418,1.0,122.6,0.0010638297872340426,0.0024144243143950695,622.0,0.6695371367061357,239.0,0.2572658772874058,35.0,0.03767491926803014,33.0,0.03552206673842842,0.0,0.0,0.0,0.0,0.0,0.0,1.0,1.0,0.0,0.0,0.0,0.0,933.0,48574.38,0.9925531914893617,0.9566000336759019,3.0,1256.17,0.0031914893617021275,0.0247383963377949,624.0,0.6688102893890675,240.0,0.2572347266881029,35.0,0.03751339764201501,34.0,0.03644158628081458,0.0,0.0,1.0,0.3333333333333333,0.0,0.0,0.0,0.0,2.0,0.6666666666666666,0.0,0.0,607.0,292,501,0.6457446808510638,0.48105436573311366,0.8253706754530478,940.0,907,1.0,0.9648936170212766,193.0,0.660958904109589,69.0,0.2363013698630137,12.0,0.0410958904109589,18.0,0.06164383561643835,0.0,0.0,360.0,0.718562874251497,107.0,0.21357285429141717,14.0,0.027944111776447105,20.0,0.03992015968063872,0.0,0.0,612.0,0.6747519294377067,223.0,0.24586549062844543,35.0,0.03858875413450937,37.0,0.040793825799338476,0.0,0.0,1.0
2024,4,Chad Lykins,25423.0,0.3313867851975442,4757.0,0.0620071170666214,76717.0,19180.0,True,Chad Lykins,2024|4|chad lykins,47007.66,962.0,48.864511434511435,25.0,12465.33,704.0,0.26517656909533466,0.7318087318087318,12606.0,186.0,0.26816906010637415,0.19334719334719336,6456.33,32.0,0.1373463388732815,0.033264033264033266,15480.0,40.0,0.3293080319250096,0.04158004158004158,0.0,0.0,0.0,0.0,960.0,46681.33,0.997920997920998,0.9930579399187281,2.0,326.33000000000004,0.002079002079002079,0.0069420600812718615,704.0,0.7333333333333333,186.0,0.19375,30.0,0.03125,40.0,0.041666666666666664,0.0,0.0,0.0,0.0,0.0,0.0,2.0,1.0,0.0,0.0,0.0,0.0,957.0,45476.33,0.9948024948024948,0.96742381986255,1.0,5.0,0.0010395010395010396,0.00010636564338663102,703.0,0.7345872518286312,186.0,0.19435736677115986,31.0,0.03239289446185998,37.0,0.038662486938349006,0.0,0.0,1.0,1.0,0.0,0.0,0.0,0.0,0.0,0.0,0.0,0.0,605.0,372,557,0.6288981288981289,0.6148760330578512,0.9206611570247933,962.0,928,1.0,0.9646569646569647,263.0,0.706989247311828,84.0,0.22580645161290322,9.0,0.024193548387096774,16.0,0.043010752688172046,0.0,0.0,413.0,0.7414721723518851,110.0,0.19748653500897667,15.0,0.026929982046678635,19.0,0.03411131059245961,0.0,0.0,696.0,0.75,178.0,0.19181034482758622,23.0,0.02478448275862069,31.0,0.0334051724137931,0.0,0.0,1.0
2024,4,Lee Odell,639.0,0.0083293142328297,100.0,0.0013034920552159,76717.0,19180.0,False,Lee Odell,2024|4|lee odell,,,,,,,,,,,,,,,,,,,,,,,,,,,,,,,,,,,,,,,,,,,,,,,,,,,,,,,,,,,,,,,,,,,,,,,,,,,,,,,,,,,,,,,,,,,,,,,,,,,,,,,,,,,,,,,,,,,,,,,,,
2024,4,Eric Zimmerman,36731.0,0.4787856668013608,8005.0,0.1043445390200346,76717.0,19180.0,True,Eric Zimmerman,2024|4|eric zimmerman,41878.55,522.0,80.2271072796935,25.0,5261.06,277.0,0.12562660359539668,0.5306513409961686,12504.0,171.0,0.2985776728181849,0.3275862068965517,4974.49,23.0,0.11878372102185962,0.044061302681992334,19139.0,51.0,0.45701200256455865,0.09770114942528736,0.0,0.0,0.0,0.0,522.0,41878.55,1.0,1.0,0.0,0.0,0.0,0.0,277.0,0.5306513409961686,171.0,0.3275862068965517,23.0,0.044061302681992334,51.0,0.09770114942528736,0.0,0.0,0.0,,0.0,,0.0,,0.0,,0.0,,515.0,39295.06,0.9865900383141762,0.9383099462612721,0.0,0.0,0.0,0.0,277.0,0.537864077669903,171.0,0.3320388349514563,21.0,0.040776699029126215,46.0,0.08932038834951456,0.0,0.0,0.0,,0.0,,0.0,,0.0,,0.0,,228.0,94,172,0.4367816091954023,0.41228070175438597,0.7543859649122807,522.0,498,1.0,0.9540229885057471,49.0,0.5212765957446809,31.0,0.32978723404255317,5.0,0.05319148936170213,9.0,0.09574468085106383,0.0,0.0,87.0,0.5058139534883721,60.0,0.3488372093023256,9.0,0.05232558139534884,16.0,0.09302325581395349,0.0,0.0,267.0,0.536144578313253,159.0,0.3192771084337349,22.0,0.04417670682730924,50.0,0.10040160642570281,0.0,0.0,1.0
2024,4,Kelly Doyle,1409.0,0.0183662030579923,190.0,0.0024766349049102,76717.0,19180.0,False,Kelly Doyle,2024|4|kelly doyle,,,,,,,,,,,,,,,,,,,,,,,,,,,,,,,,,,,,,,,,,,,,,,,,,,,,,,,,,,,,,,,,,,,,,,,,,,,,,,,,,,,,,,,,,,,,,,,,,,,,,,,,,,,,,,,,,,,,,,,,,
2024,4,Bob Callahan,6205.0,0.080881682026148,888.0,0.0115750094503174,76717.0,19180.0,False,Bob Callahan,2024|4|bob callahan,,,,,,,,,,,,,,,,,,,,,,,,,,,,,,,,,,,,,,,,,,,,,,,,,,,,,,,,,,,,,,,,,,,,,,,,,,,,,,,,,,,,,,,,,,,,,,,,,,,,,,,,,,,,,,,,,,,,,,,,,
2024,4,Patrick Cashman,758.0,0.0098804697785367,101.0,0.001316526975768,76717.0,19180.0,False,Patrick Cashman,2024|4|patrick cashman,,,,,,,,,,,,,,,,,,,,,,,,,,,,,,,,,,,,,,,,,,,,,,,,,,,,,,,,,,,,,,,,,,,,,,,,,,,,,,,,,,,,,,,,,,,,,,,,,,,,,,,,,,,,,,,,,,,,,,,,,
2024,4,Sarah Silkie,32039.0,0.4176258195706297,4415.0,0.057549174237783,76717.0,19180.0,True,Sarah Silkie,2024|4|sarah silkie,25477.64,1017.0,25.05176007866273,5.0,9289.5,897.0,0.36461383393438324,0.8820058997050148,6821.35,103.0,0.26773869165275904,0.10127826941986234,1556.79,8.0,0.061104168203962375,0.007866273352999017,3310.0,8.0,0.12991784168392362,0.007866273352999017,4500.0,1.0,0.17662546452497171,0.0009832841691248771,1008.0,19644.5,0.9911504424778761,0.771048652857957,7.0,5435.139999999999,0.00688298918387414,0.2133298060573899,897.0,0.8898809523809523,101.0,0.1001984126984127,3.0,0.002976190476190476,7.0,0.006944444444444444,0.0,0.0,0.0,0.0,1.0,0.14285714285714285,5.0,0.7142857142857143,0.0,0.0,1.0,0.14285714285714285,1007.0,19144.5,0.9901671583087512,0.7514236012440713,2.0,398.0,0.0019665683382497543,0.015621541084653053,897.0,0.8907646474677259,101.0,0.1002979145978153,3.0,0.0029791459781529296,6.0,0.005958291956305859,0.0,0.0,0.0,0.0,1.0,0.5,0.0,0.0,1.0,0.5,0.0,0.0,316.0,174,286,0.3107177974434612,0.5506329113924051,0.9050632911392406,1017.0,984,1.0,0.967551622418879,126.0,0.7241379310344828,41.0,0.23563218390804597,1.0,0.005747126436781609,6.0,0.034482758620689655,0.0,0.0,223.0,0.7797202797202797,56.0,0.1958041958041958,1.0,0.0034965034965034965,6.0,0.02097902097902098,0.0,0.0,877.0,0.891260162601626,94.0,0.09552845528455285,6.0,0.006097560975609756,6.0,0.006097560975609756,1.0,0.0010162601626016261,1.0
2024,4,Lisa Freeman,21644.0,0.2821278204309345,3749.0,0.0488679171500449,76717.0,19180.0,True,Lisa Freeman,2024|4|lisa freeman,25827.58,553.0,46.70448462929476,20.0,5531.01,420.0,0.21415130647160902,0.759493670886076,7019.0,94.0,0.27176375022359817,0.16998191681735986,3575.59,17.0,0.13844076758256096,0.03074141048824593,9701.98,22.0,0.3756441757222318,0.039783001808318265,0.0,0.0,0.0,0.0,548.0,24640.01,0.9909584086799277,0.9540193080420232,4.0,1057.17,0.007233273056057866,0.04093182559109293,420.0,0.7664233576642335,94.0,0.17153284671532848,13.0,0.023722627737226276,21.0,0.03832116788321168,0.0,0.0,0.0,0.0,0.0,0.0,3.0,0.75,1.0,0.25,0.0,0.0,548.0,24742.89,0.9909584086799277,0.9580026467830125,1.0,130.4,0.0018083182640144665,0.005048866366883773,420.0,0.7664233576642335,94.0,0.17153284671532848,13.0,0.023722627737226276,21.0,0.03832116788321168,0.0,0.0,0.0,0.0,0.0,0.0,1.0,1.0,0.0,0.0,0.0,0.0,350.0,102,256,0.6329113924050633,0.2914285714285714,0.7314285714285714,553.0,469,1.0,0.8481012658227848,88.0,0.8627450980392157,9.0,0.08823529411764706,2.0,0.0196078431372549,3.0,0.029411764705882353,0.0,0.0,225.0,0.87890625,22.0,0.0859375,3.0,0.01171875,6.0,0.0234375,0.0,0.0,393.0,0.837953091684435,60.0,0.1279317697228145,9.0,0.019189765458422176,7.0,0.014925373134328358,0.0,0.0,1.0
2024,4,John J Goldsmith,1463.0,0.0190700887678089,313.0,0.0040799301328258,76717.0,19180.0,False,John J Goldsmith,2024|4|john j goldsmith,,,,,,,,,,,,,,,,,,,,,,,,,,,,,,,,,,,,,,,,,,,,,,,,,,,,,,,,,,,,,,,,,,,,,,,,,,,,,,,,,,,,,,,,,,,,,,,,,,,,,,,,,,,,,,,,,,,,,,,,,
2024,4,Bob Weinstein,20934.0,0.2728730268389014,3891.0,0.0507188758684515,76717.0,19180.0,True,Bob Weinstein,2024|4|bob weinstein,33919.91,473.0,71.71228329809726,30.0,4910.0,236.0,0.144752742563291,0.4989429175475687,12155.88,175.0,0.35837005463752697,0.3699788583509514,7980.88,38.0,0.23528600164328264,0.080338266384778,8873.15,24.0,0.26159120115589923,0.0507399577167019,0.0,0.0,0.0,0.0,471.0,32996.76,0.9957716701902748,0.9727844207133803,1.0,281.98,0.0021141649048625794,0.008313111679836414,236.0,0.5010615711252654,175.0,0.37154989384288745,38.0,0.08067940552016985,22.0,0.04670912951167728,0.0,0.0,0.0,0.0,0.0,0.0,0.0,0.0,1.0,1.0,0.0,0.0,467.0,31496.76,0.9873150105708245,0.9285626052663464,3.0,1141.17,0.006342494714587738,0.03364307275579446,236.0,0.5053533190578159,175.0,0.3747323340471092,36.0,0.07708779443254818,20.0,0.042826552462526764,0.0,0.0,0.0,0.0,0.0,0.0,2.0,0.6666666666666666,1.0,0.3333333333333333,0.0,0.0,340.0,226,279,0.718816067653277,0.6647058823529411,0.8205882352941176,473.0,418,1.0,0.8837209302325582,107.0,0.47345132743362833,85.0,0.37610619469026546,24.0,0.10619469026548672,10.0,0.04424778761061947,0.0,0.0,151.0,0.5412186379928315,93.0,0.3333333333333333,24.0,0.08602150537634409,11.0,0.03942652329749104,0.0,0.0,216.0,0.5167464114832536,148.0,0.35406698564593303,33.0,0.07894736842105263,21.0,0.050239234449760764,0.0,0.0,1.0
2024,4,Chris Henry,3199.0,0.0416987108463573,301.0,0.0039235110861999,76717.0,19180.0,False,Chris Henry,2024|4|chris henry,5474.24,589.0,9.294125636672325,5.0,4534.24,575.0,0.8282866662769627,0.9762308998302207,690.0,13.0,0.1260448939030806,0.022071307300509338,250.0,1.0,0.045668439819956747,0.001697792869269949,0.0,0.0,0.0,0.0,0.0,0.0,0.0,0.0,589.0,5474.24,1.0,1.0,0.0,0.0,0.0,0.0,575.0,0.9762308998302207,13.0,0.022071307300509338,1.0,0.001697792869269949,0.0,0.0,0.0,0.0,0.0,,0.0,,0.0,,0.0,,0.0,,588.0,5469.24,0.99830220713073,0.9990866312036009,1.0,5.0,0.001697792869269949,0.0009133687963991349,574.0,0.9761904761904762,13.0,0.022108843537414966,1.0,0.0017006802721088435,0.0,0.0,0.0,0.0,1.0,1.0,0.0,0.0,0.0,0.0,0.0,0.0,0.0,0.0,377.0,40,352,0.6400679117147708,0.10610079575596817,0.9336870026525199,589.0,571,1.0,0.969439728353141,40.0,1.0,0.0,0.0,0.0,0.0,0.0,0.0,0.0,0.0,348.0,0.9886363636363636,4.0,0.011363636363636364,0.0,0.0,0.0,0.0,0.0,0.0,560.0,0.9807355516637478,11.0,0.01926444833625219,0.0,0.0,0.0,0.0,0.0,0.0,1.0
2024,4,Tony Morse,13246.0,0.1726605576339012,2004.0,0.0261219807865271,76717.0,19180.0,False,Tony Morse,2024|4|tony morse,41809.6,554.0,75.46859205776173,25.0,5843.32,296.0,0.13976024645057594,0.5342960288808665,13023.05,184.0,0.3114846829436302,0.33212996389891697,6571.25,32.0,0.15717084114653096,0.05776173285198556,16371.98,42.0,0.39158422945926297,0.07581227436823104,0.0,0.0,0.0,0.0,549.0,41189.05,0.9909747292418772,0.9851577149745514,3.0,568.23,0.005415162454873646,0.01359089778424094,295.0,0.5373406193078324,183.0,0.3333333333333333,30.0,0.0546448087431694,41.0,0.07468123861566485,0.0,0.0,0.0,0.0,0.0,0.0,2.0,0.6666666666666666,1.0,0.3333333333333333,0.0,0.0,532.0,35910.0,0.9602888086642599,0.8588936512188589,2.0,529.05,0.0036101083032490976,0.012653792430446596,295.0,0.5545112781954887,179.0,0.33646616541353386,28.0,0.05263157894736842,30.0,0.05639097744360902,0.0,0.0,0.0,0.0,1.0,0.5,0.0,0.0,1.0,0.5,0.0,0.0,465.0,127,342,0.8393501805054152,0.2731182795698925,0.7354838709677419,554.0,515,1.0,0.9296028880866426,66.0,0.5196850393700787,38.0,0.2992125984251969,6.0,0.047244094488188976,17.0,0.13385826771653545,0.0,0.0,211.0,0.6169590643274854,95.0,0.2777777777777778,12.0,0.03508771929824561,24.0,0.07017543859649122,0.0,0.0,284.0,0.5514563106796116,166.0,0.32233009708737864,27.0,0.05242718446601942,38.0,0.07378640776699029,0.0,0.0,1.0000000000000002
2024,4,Olivia Clark,45205.0,0.5892435835603582,19138.0,0.2494623095272234,76717.0,19180.0,True,Olivia Clark,2024|4|olivia clark,95639.0,1172.0,81.6032423208191,50.0,10116.0,506.0,0.10577274961051454,0.431740614334471,36548.0,488.0,0.382145359110823,0.41638225255972694,21902.0,104.0,0.22900699505431885,0.08873720136518772,27073.0,74.0,0.2830748962243436,0.06313993174061433,0.0,0.0,0.0,0.0,1172.0,95639.0,1.0,1.0,0.0,0.0,0.0,0.0,506.0,0.431740614334471,488.0,0.41638225255972694,104.0,0.08873720136518772,74.0,0.06313993174061433,0.0,0.0,0.0,,0.0,,0.0,,0.0,,0.0,,1167.0,93739.0,0.9957337883959044,0.9801336274950595,1.0,350.0,0.0008532423208191126,0.00365959493512061,506.0,0.43359040274207367,488.0,0.4181662382176521,103.0,0.08826049700085689,70.0,0.05998286203941731,0.0,0.0,0.0,0.0,0.0,0.0,0.0,0.0,1.0,1.0,0.0,0.0,922.0,511,753,0.7866894197952219,0.5542299349240781,0.8167028199566161,1172.0,1123,1.0,0.9581911262798635,208.0,0.4070450097847358,222.0,0.4344422700587084,48.0,0.09393346379647749,33.0,0.06457925636007827,0.0,0.0,358.0,0.4754316069057105,300.0,0.398406374501992,59.0,0.07835325365205843,36.0,0.04780876494023904,0.0,0.0,496.0,0.4416740872662511,464.0,0.41317898486197685,98.0,0.08726625111308994,65.0,0.0578806767586821,0.0,0.0,1.0
2024,4,Chloe Mason,6149.0,0.0801517264752271,979.0,0.0127611872205638,76717.0,19180.0,False,Chloe Mason,2024|4|chloe mason,,,,,,,,,,,,,,,,,,,,,,,,,,,,,,,,,,,,,,,,,,,,,,,,,,,,,,,,,,,,,,,,,,,,,,,,,,,,,,,,,,,,,,,,,,,,,,,,,,,,,,,,,,,,,,,,,,,,,,,,,
2024,4,Raquel Coyote,1536.0,0.0200216379681165,317.0,0.0041320698150344,76717.0,19180.0,False,Raquel Coyote,2024|4|raquel coyote,,,,,,,,,,,,,,,,,,,,,,,,,,,,,,,,,,,,,,,,,,,,,,,,,,,,,,,,,,,,,,,,,,,,,,,,,,,,,,,,,,,,,,,,,,,,,,,,,,,,,,,,,,,,,,,,,,,,,,,,,
2024,4,John Toran,8652.0,0.1127781326172817,1052.0,0.0137127364208715,76717.0,19180.0,False,John Toran,2024|4|john toran,180.0,11.0,16.363636363636363,10.0,130.0,10.0,0.7222222222222222,0.9090909090909091,50.0,1.0,0.2777777777777778,0.09090909090909091,0.0,0.0,0.0,0.0,0.0,0.0,0.0,0.0,0.0,0.0,0.0,0.0,11.0,180.0,1.0,1.0,0.0,0.0,0.0,0.0,10.0,0.9090909090909091,1.0,0.09090909090909091,0.0,0.0,0.0,0.0,0.0,0.0,0.0,,0.0,,0.0,,0.0,,0.0,,11.0,180.0,1.0,1.0,0.0,0.0,0.0,0.0,10.0,0.9090909090909091,1.0,0.09090909090909091,0.0,0.0,0.0,0.0,0.0,0.0,0.0,,0.0,,0.0,,0.0,,0.0,,0.0,0,0,0.0,,,11.0,10,1.0,0.9090909090909091,0.0,,0.0,,0.0,,0.0,,0.0,,0.0,,0.0,,0.0,,0.0,,0.0,,10.0,1.0,0.0,0.0,0.0,0.0,0.0,0.0,0.0,0.0,1.0
2024,4,Ben Hufford,12275.0,0.1600036497777546,1694.0,0.0220811554153577,76717.0,19180.0,False,Ben Hufford,2024|4|ben hufford,49074.17,662.0,74.130166163142,26.0,4256.0,303.0,0.08672586821132176,0.45770392749244715,12728.0,257.0,0.2593625118876183,0.38821752265861026,5649.0,29.0,0.11511147310285635,0.04380664652567976,26441.17,73.0,0.5388001467982036,0.11027190332326284,0.0,0.0,0.0,0.0,660.0,48418.0,0.9969788519637462,0.9866290148157371,0.0,0.0,0.0,0.0,302.0,0.4575757575757576,257.0,0.3893939393939394,29.0,0.04393939393939394,72.0,0.10909090909090909,0.0,0.0,0.0,,0.0,,0.0,,0.0,,0.0,,647.0,43668.0,0.9773413897280967,0.8898367511870298,15.0,5406.17,0.022658610271903322,0.11016324881297025,302.0,0.4667697063369397,256.0,0.3956723338485317,28.0,0.04327666151468315,61.0,0.09428129829984544,0.0,0.0,1.0,0.06666666666666667,1.0,0.06666666666666667,1.0,0.06666666666666667,12.0,0.8,0.0,0.0,347.0,108,236,0.5241691842900302,0.3112391930835735,0.6801152737752162,662.0,610,1.0,0.9214501510574018,15.0,0.1388888888888889,56.0,0.5185185185185185,9.0,0.08333333333333333,28.0,0.25925925925925924,0.0,0.0,47.0,0.19915254237288135,124.0,0.5254237288135594,17.0,0.07203389830508475,48.0,0.2033898305084746,0.0,0.0,284.0,0.46557377049180326,241.0,0.3950819672131147,27.0,0.04426229508196721,58.0,0.09508196721311475,0.0,0.0,1.0
2024,4,Ciatta R Thompson,5439.0,0.070896932883194,531.0,0.0069215428131965,76717.0,19180.0,False,Ciatta R Thompson,2024|4|ciatta r thompson,,,,,,,,,,,,,,,,,,,,,,,,,,,,,,,,,,,,,,,,,,,,,,,,,,,,,,,,,,,,,,,,,,,,,,,,,,,,,,,,,,,,,,,,,,,,,,,,,,,,,,,,,,,,,,,,,,,,,,,,,
